Pokedex_entry_number,Pokemon_name,HP_stat,Attack_stat,Defense_stat,Special_attack_stat,Special_defense_stat,Speed_stat,Primary_type,Secondary_type,Total_stats,Avg_of_stats,Deviation_of_stats
1,Bulbasaur,45,49,49,65,65,45,Grass,Poison,318,53.0,8.64
2,Ivysaur,60,62,63,80,80,60,Grass,Poison,405,67.5,8.9
3,Venusaur,80,82,83,100,100,80,Grass,Poison,525,87.5,8.9
4,Charmander,39,52,43,60,50,65,Fire,Fire,309,51.5,9.0
5,Charmeleon,58,64,58,80,65,80,Fire,Fire,405,67.5,9.23
6,Charizard,78,84,78,109,85,100,Fire,Flying,534,89.0,11.58
7,Squirtle,44,48,65,50,64,43,Water,Water,314,52.33,8.92
8,Wartortle,59,63,80,65,80,58,Water,Water,405,67.5,9.14
9,Blastoise,79,83,100,85,105,78,Water,Water,530,88.33,10.39
10,Caterpie,45,30,35,20,20,45,Bug,Bug,195,32.5,10.31
11,Metapod,50,20,55,25,25,30,Bug,Bug,205,34.17,13.36
12,Butterfree,60,45,50,90,80,70,Bug,Flying,395,65.83,15.92
13,Weedle,40,35,30,20,20,50,Bug,Poison,195,32.5,10.7
14,Kakuna,45,25,50,25,25,35,Bug,Poison,205,34.17,10.17
15,Beedrill,65,90,40,45,80,75,Bug,Poison,395,65.83,18.12
16,Pidgey,40,45,40,35,35,56,Normal,Flying,251,41.83,7.2
17,Pidgeotto,63,60,55,50,50,71,Normal,Flying,349,58.17,7.47
18,Pidgeot,83,80,75,70,70,101,Normal,Flying,479,79.83,10.61
19,Rattata,30,56,35,25,35,72,Normal,Normal,253,42.17,16.47
20,Raticate,55,81,60,50,70,97,Normal,Normal,413,68.83,16.16
21,Spearow,40,60,30,31,31,70,Normal,Flying,262,43.67,15.71
22,Fearow,65,90,65,61,61,100,Normal,Flying,442,73.67,15.45
23,Ekans,35,60,44,40,54,55,Poison,Poison,288,48.0,8.93
24,Arbok,60,95,69,65,79,80,Poison,Poison,448,74.67,11.56
25,Pikachu,35,55,40,50,50,90,Electric,Electric,320,53.33,17.72
26,Raichu,60,90,55,90,80,110,Electric,Electric,485,80.83,18.8
27,Sandshrew,50,75,85,20,30,40,Ground,Ground,300,50.0,23.27
28,Sandslash,75,100,110,45,55,65,Ground,Ground,450,75.0,23.27
29,Nidoran F,55,47,52,40,40,41,Poison,Poison,275,45.83,5.98
30,Nidorina,70,62,67,55,55,56,Poison,Poison,365,60.83,5.98
31,Nidoqueen,90,92,87,75,85,76,Poison,Ground,505,84.17,6.52
32,Nidoran M,46,57,40,40,40,50,Poison,Poison,273,45.5,6.37
33,Nidorino,61,72,57,55,55,65,Poison,Poison,365,60.83,6.12
34,Nidoking,81,102,77,85,75,85,Poison,Ground,505,84.17,8.8
35,Clefairy,70,45,48,60,65,35,Fairy,Fairy,323,53.83,12.18
36,Clefable,95,70,73,95,90,60,Fairy,Fairy,483,80.5,13.52
37,Vulpix,38,41,40,50,65,65,Fire,Fire,299,49.83,11.36
38,Ninetales,73,76,75,81,100,100,Fire,Fire,505,84.17,11.45
39,Jigglypuff,115,45,20,45,25,20,Normal,Fairy,270,45.0,33.04
40,Wigglytuff,140,70,45,85,50,45,Normal,Fairy,435,72.5,33.51
41,Zubat,40,45,35,30,40,55,Poison,Flying,245,40.83,7.86
42,Golbat,75,80,70,65,75,90,Poison,Flying,455,75.83,7.86
43,Oddish,45,50,55,75,65,30,Grass,Poison,320,53.33,14.34
44,Gloom,60,65,70,85,75,40,Grass,Poison,395,65.83,13.97
45,Vileplume,75,80,85,110,90,50,Grass,Poison,490,81.67,17.95
46,Paras,35,70,55,45,55,25,Bug,Grass,285,47.5,14.65
47,Parasect,60,95,80,60,80,30,Bug,Grass,405,67.5,20.77
48,Venonat,60,55,50,40,55,45,Bug,Poison,305,50.83,6.72
49,Venomoth,70,65,60,90,75,90,Bug,Poison,450,75.0,11.55
50,Diglett,10,55,25,35,45,95,Ground,Ground,265,44.17,26.84
51,Dugtrio,35,100,50,50,70,120,Ground,Ground,425,70.83,30.06
52,Meowth,40,45,35,40,40,90,Normal,Normal,290,48.33,18.86
53,Persian,65,70,60,65,65,115,Normal,Normal,440,73.33,18.86
54,Psyduck,50,52,48,65,50,55,Water,Water,320,53.33,5.65
55,Golduck,80,82,78,95,80,85,Water,Water,500,83.33,5.65
56,Mankey,40,80,35,35,45,70,Fighting,Fighting,305,50.83,17.66
57,Primeape,65,105,60,60,70,95,Fighting,Fighting,455,75.83,17.66
58,Growlithe,55,70,45,70,50,60,Fire,Fire,350,58.33,9.43
59,Arcanine,90,110,80,100,80,95,Fire,Fire,555,92.5,10.7
60,Poliwag,40,50,40,40,40,90,Water,Water,300,50.0,18.26
61,Poliwhirl,65,65,65,50,50,90,Water,Water,385,64.17,13.36
62,Poliwrath,90,95,95,70,90,70,Water,Fighting,510,85.0,10.8
63,Abra,25,20,15,105,55,90,Psychic,Psychic,310,51.67,35.08
64,Kadabra,40,35,30,120,70,105,Psychic,Psychic,400,66.67,35.08
65,Alakazam,55,50,45,135,95,120,Psychic,Psychic,500,83.33,35.43
66,Machop,70,80,50,35,35,35,Fighting,Fighting,305,50.83,18.12
67,Machoke,80,100,70,50,60,45,Fighting,Fighting,405,67.5,18.65
68,Machamp,90,130,80,65,85,55,Fighting,Fighting,505,84.17,23.7
69,Bellsprout,50,75,35,70,30,40,Grass,Poison,300,50.0,17.08
70,Weepinbell,65,90,50,85,45,55,Grass,Poison,390,65.0,17.08
71,Victreebel,80,105,65,100,70,70,Grass,Poison,490,81.67,15.46
72,Tentacool,40,40,35,50,100,70,Water,Poison,335,55.83,22.81
73,Tentacruel,80,70,65,80,120,100,Water,Poison,515,85.83,18.8
74,Geodude,40,80,100,30,30,20,Rock,Ground,300,50.0,29.44
75,Graveler,55,95,115,45,45,35,Rock,Ground,390,65.0,29.44
76,Golem,80,120,130,55,65,45,Rock,Ground,495,82.5,31.98
77,Ponyta,50,85,55,65,65,90,Fire,Fire,410,68.33,14.62
78,Rapidash,65,100,70,80,80,105,Fire,Fire,500,83.33,14.62
79,Slowpoke,90,65,65,40,40,15,Water,Psychic,315,52.5,23.94
80,Slowbro,95,75,110,100,80,30,Water,Psychic,490,81.67,25.93
81,Magnemite,25,35,70,95,55,45,Electric,Steel,325,54.17,23.17
82,Magneton,50,60,95,120,70,70,Electric,Steel,465,77.5,23.41
83,Farfetchd,52,90,55,58,62,60,Normal,Flying,377,62.83,12.58
84,Doduo,35,85,45,35,35,75,Normal,Flying,310,51.67,20.55
85,Dodrio,60,110,70,60,60,110,Normal,Flying,470,78.33,22.67
86,Seel,65,45,55,45,70,45,Water,Water,325,54.17,10.17
87,Dewgong,90,70,80,70,95,70,Water,Ice,475,79.17,10.17
88,Grimer,80,80,50,40,50,25,Poison,Poison,325,54.17,20.09
89,Muk,105,105,75,65,100,50,Poison,Poison,500,83.33,21.34
90,Shellder,30,65,100,45,25,40,Water,Water,305,50.83,25.4
91,Cloyster,50,95,180,85,45,70,Water,Ice,525,87.5,44.98
92,Gastly,30,35,30,100,35,80,Ghost,Poison,310,51.67,27.79
93,Haunter,45,50,45,115,55,95,Ghost,Poison,405,67.5,27.35
94,Gengar,60,65,60,130,75,110,Ghost,Poison,500,83.33,27.03
95,Onix,35,45,160,30,45,70,Rock,Ground,385,64.17,44.67
96,Drowzee,60,48,45,43,90,42,Psychic,Psychic,328,54.67,16.89
97,Hypno,85,73,70,73,115,67,Psychic,Psychic,483,80.5,16.41
98,Krabby,30,105,90,25,25,50,Water,Water,325,54.17,32.07
99,Kingler,55,130,115,50,50,75,Water,Water,475,79.17,32.07
100,Voltorb,40,30,50,55,55,100,Electric,Electric,330,55.0,21.98
101,Electrode,60,50,70,80,80,150,Electric,Electric,490,81.67,32.36
102,Exeggcute,60,40,80,60,45,40,Grass,Psychic,325,54.17,14.26
103,Exeggutor,95,95,85,125,75,55,Grass,Psychic,530,88.33,21.34
104,Cubone,50,50,95,40,50,35,Ground,Ground,320,53.33,19.51
105,Marowak,60,80,110,50,80,45,Ground,Ground,425,70.83,22.06
106,Hitmonlee,50,120,53,35,110,87,Fighting,Fighting,455,75.83,31.88
107,Hitmonchan,50,105,79,35,110,76,Fighting,Fighting,455,75.83,26.97
108,Lickitung,90,55,75,60,75,30,Normal,Normal,385,64.17,19.02
109,Koffing,40,65,95,60,45,35,Poison,Poison,340,56.67,20.14
110,Weezing,65,90,120,85,70,60,Poison,Poison,490,81.67,20.14
111,Rhyhorn,80,85,95,30,30,25,Ground,Rock,345,57.5,29.55
112,Rhydon,105,130,120,45,45,40,Ground,Rock,485,80.83,38.23
113,Chansey,250,5,5,35,105,50,Normal,Normal,450,75.0,85.2
114,Tangela,65,55,115,100,40,60,Grass,Grass,435,72.5,26.26
115,Kangaskhan,105,95,80,40,80,90,Normal,Normal,490,81.67,20.55
116,Horsea,30,40,70,70,25,60,Water,Water,295,49.17,18.35
117,Seadra,55,65,95,95,45,85,Water,Water,440,73.33,19.51
118,Goldeen,45,67,60,35,50,63,Water,Water,320,53.33,11.12
119,Seaking,80,92,65,65,80,68,Water,Water,450,75.0,9.9
120,Staryu,30,45,55,70,55,85,Water,Water,340,56.67,17.48
121,Starmie,60,75,85,100,85,115,Water,Psychic,520,86.67,17.48
122,Mr Mime,40,45,65,100,120,90,Psychic,Fairy,460,76.67,29.11
123,Scyther,70,110,80,55,80,105,Bug,Flying,500,83.33,19.08
124,Jynx,65,50,35,115,95,95,Ice,Psychic,455,75.83,28.05
125,Electabuzz,65,83,57,95,85,105,Electric,Electric,490,81.67,16.44
126,Magmar,65,95,57,100,85,93,Fire,Fire,495,82.5,16.0
127,Pinsir,65,125,100,55,70,85,Bug,Bug,500,83.33,23.57
128,Tauros,75,100,95,40,70,110,Normal,Normal,490,81.67,23.21
129,Magikarp,20,10,55,15,20,80,Water,Water,200,33.33,25.44
130,Gyarados,95,125,79,60,100,81,Water,Flying,540,90.0,20.22
131,Lapras,130,85,80,85,95,60,Water,Ice,535,89.17,21.1
132,Ditto,48,48,48,48,48,48,Normal,Normal,288,48.0,0.0
133,Eevee,55,55,50,45,65,55,Normal,Normal,325,54.17,6.07
134,Vaporeon,130,65,60,110,95,65,Water,Water,525,87.5,26.26
135,Jolteon,65,65,60,110,95,130,Electric,Electric,525,87.5,26.26
136,Flareon,65,130,60,95,110,65,Fire,Fire,525,87.5,26.26
137,Porygon,65,60,70,85,75,40,Normal,Normal,395,65.83,13.97
138,Omanyte,35,40,100,90,55,35,Rock,Water,355,59.17,26.37
139,Omastar,70,60,125,115,70,55,Rock,Water,495,82.5,27.2
140,Kabuto,30,80,90,55,45,55,Rock,Water,355,59.17,20.29
141,Kabutops,60,115,105,65,70,80,Rock,Water,495,82.5,20.56
142,Aerodactyl,80,105,65,60,75,130,Rock,Flying,515,85.83,24.4
143,Snorlax,160,110,65,65,110,30,Normal,Normal,540,90.0,41.93
144,Articuno,90,85,100,95,125,85,Ice,Flying,580,96.67,13.74
145,Zapdos,90,90,85,125,90,100,Electric,Flying,580,96.67,13.44
146,Moltres,90,100,90,125,85,90,Fire,Flying,580,96.67,13.44
147,Dratini,41,64,45,50,50,50,Dragon,Dragon,300,50.0,7.09
148,Dragonair,61,84,65,70,70,70,Dragon,Dragon,420,70.0,7.09
149,Dragonite,91,134,95,100,100,80,Dragon,Flying,600,100.0,16.64
150,Mewtwo,106,110,90,154,90,130,Psychic,Psychic,680,113.33,22.68
151,Mew,100,100,100,100,100,100,Psychic,Psychic,600,100.0,0.0
152,Chikorita,45,49,65,49,65,45,Grass,Grass,318,53.0,8.64
153,Bayleef,60,62,80,63,80,60,Grass,Grass,405,67.5,8.9
154,Meganium,80,82,100,83,100,80,Grass,Grass,525,87.5,8.9
155,Cyndaquil,39,52,43,60,50,65,Fire,Fire,309,51.5,9.0
156,Quilava,58,64,58,80,65,80,Fire,Fire,405,67.5,9.23
157,Typhlosion,78,84,78,109,85,100,Fire,Fire,534,89.0,11.58
158,Totodile,50,65,64,44,48,43,Water,Water,314,52.33,8.92
159,Croconaw,65,80,80,59,63,58,Water,Water,405,67.5,9.14
160,Feraligatr,85,105,100,79,83,78,Water,Water,530,88.33,10.39
161,Sentret,35,46,34,35,45,20,Normal,Normal,215,35.83,8.59
162,Furret,85,76,64,45,55,90,Normal,Normal,415,69.17,16.04
163,Hoothoot,60,30,30,36,56,50,Normal,Flying,262,43.67,12.19
164,Noctowl,100,50,50,86,96,70,Normal,Flying,452,75.33,20.25
165,Ledyba,40,20,30,40,80,55,Bug,Flying,265,44.17,19.24
166,Ledian,55,35,50,55,110,85,Bug,Flying,390,65.0,25.0
167,Spinarak,40,60,40,40,40,30,Bug,Poison,250,41.67,8.98
168,Ariados,70,90,70,60,70,40,Bug,Poison,400,66.67,14.91
169,Crobat,85,90,80,70,80,130,Poison,Flying,535,89.17,19.24
170,Chinchou,75,38,38,56,56,67,Water,Electric,330,55.0,13.69
171,Lanturn,125,58,58,76,76,67,Water,Electric,460,76.67,22.83
172,Pichu,20,40,15,35,35,60,Electric,Electric,205,34.17,14.55
173,Cleffa,50,25,28,45,55,15,Fairy,Fairy,218,36.33,14.51
174,Igglybuff,90,30,15,40,20,15,Normal,Fairy,210,35.0,26.14
175,Togepi,35,20,65,40,65,20,Fairy,Fairy,245,40.83,18.58
176,Togetic,55,40,85,80,105,40,Fairy,Flying,405,67.5,24.28
177,Natu,40,50,45,70,45,70,Psychic,Flying,320,53.33,12.13
178,Xatu,65,75,70,95,70,95,Psychic,Flying,470,78.33,12.13
179,Mareep,55,40,40,65,45,35,Electric,Electric,280,46.67,10.27
180,Flaaffy,70,55,55,80,60,45,Electric,Electric,365,60.83,11.33
181,Ampharos,90,75,85,115,90,55,Electric,Electric,510,85.0,18.03
182,Bellossom,75,80,95,90,100,50,Grass,Grass,490,81.67,16.5
183,Marill,70,20,50,20,50,40,Water,Fairy,250,41.67,17.72
184,Azumarill,100,50,80,60,80,50,Water,Fairy,420,70.0,18.26
185,Sudowoodo,70,100,115,30,65,30,Rock,Rock,410,68.33,31.97
186,Politoed,90,75,75,90,100,70,Water,Water,500,83.33,10.67
187,Hoppip,35,35,40,35,55,50,Grass,Flying,250,41.67,7.99
188,Skiploom,55,45,50,45,65,80,Grass,Flying,340,56.67,12.47
189,Jumpluff,75,55,70,55,95,110,Grass,Flying,460,76.67,20.14
190,Aipom,55,70,55,40,55,85,Normal,Normal,360,60.0,14.14
191,Sunkern,30,30,30,30,30,30,Grass,Grass,180,30.0,0.0
192,Sunflora,75,75,55,105,85,30,Grass,Grass,425,70.83,23.53
193,Yanma,65,65,45,75,45,95,Bug,Flying,390,65.0,17.32
194,Wooper,55,45,45,25,25,15,Water,Ground,210,35.0,14.14
195,Quagsire,95,85,85,65,65,35,Water,Ground,430,71.67,19.72
196,Espeon,65,65,60,130,95,110,Psychic,Psychic,525,87.5,26.26
197,Umbreon,95,65,110,60,130,65,Dark,Dark,525,87.5,26.26
198,Murkrow,60,85,42,85,42,91,Dark,Flying,405,67.5,20.5
199,Slowking,95,75,80,100,110,30,Water,Psychic,490,81.67,25.93
200,Misdreavus,60,60,60,85,85,85,Ghost,Ghost,435,72.5,12.5
201,Unown,48,72,48,72,48,48,Psychic,Psychic,336,56.0,11.31
202,Wobbuffet,190,33,58,33,58,33,Psychic,Psychic,405,67.5,55.91
203,Girafarig,70,80,65,90,65,85,Normal,Psychic,455,75.83,9.75
204,Pineco,50,65,90,35,35,15,Bug,Bug,290,48.33,24.09
205,Forretress,75,90,140,60,60,40,Bug,Steel,465,77.5,31.85
206,Dunsparce,100,70,70,65,65,45,Normal,Normal,415,69.17,16.18
207,Gligar,65,75,105,35,65,85,Ground,Flying,430,71.67,21.34
208,Steelix,75,85,200,55,65,30,Steel,Ground,510,85.0,54.24
209,Snubbull,60,80,50,40,40,30,Fairy,Fairy,300,50.0,16.33
210,Granbull,90,120,75,60,60,45,Fairy,Fairy,450,75.0,24.49
211,Qwilfish,65,95,85,55,55,85,Water,Poison,440,73.33,15.72
212,Scizor,70,130,100,55,80,65,Bug,Steel,500,83.33,25.11
213,Shuckle,20,10,230,10,230,5,Bug,Rock,505,84.17,103.22
214,Heracross,80,125,75,40,95,85,Bug,Fighting,500,83.33,25.28
215,Sneasel,55,95,55,35,75,115,Dark,Ice,430,71.67,26.87
216,Teddiursa,60,80,50,50,50,40,Normal,Normal,330,55.0,12.58
217,Ursaring,90,130,75,75,75,55,Normal,Normal,500,83.33,23.21
218,Slugma,40,40,40,70,40,20,Fire,Fire,250,41.67,14.62
219,Magcargo,60,50,120,90,80,30,Fire,Rock,430,71.67,29.11
220,Swinub,50,50,40,30,30,50,Ice,Ground,250,41.67,8.98
221,Piloswine,100,100,80,60,60,50,Ice,Ground,450,75.0,19.79
222,Corsola,65,55,95,65,95,35,Water,Rock,410,68.33,21.34
223,Remoraid,35,65,35,65,35,65,Water,Water,300,50.0,15.0
224,Octillery,75,105,75,105,75,45,Water,Water,480,80.0,20.62
225,Delibird,45,55,45,65,45,75,Ice,Flying,330,55.0,11.55
226,Mantine,85,40,70,80,140,70,Water,Flying,485,80.83,30.06
227,Skarmory,65,80,140,40,70,70,Steel,Flying,465,77.5,30.52
228,Houndour,45,60,30,80,50,65,Dark,Fire,330,55.0,15.81
229,Houndoom,75,90,50,110,80,95,Dark,Fire,500,83.33,18.63
230,Kingdra,75,95,95,95,95,85,Water,Dragon,540,90.0,7.64
231,Phanpy,90,60,60,40,40,40,Ground,Ground,330,55.0,18.03
232,Donphan,90,120,120,60,60,50,Ground,Ground,500,83.33,28.67
233,Porygon2,85,80,90,105,95,60,Normal,Normal,515,85.83,13.97
234,Stantler,73,95,62,85,65,85,Normal,Normal,465,77.5,11.8
235,Smeargle,55,20,35,20,45,75,Normal,Normal,250,41.67,19.51
236,Tyrogue,35,35,35,35,35,35,Fighting,Fighting,210,35.0,0.0
237,Hitmontop,50,95,95,35,110,70,Fighting,Fighting,455,75.83,26.68
238,Smoochum,45,30,15,85,65,65,Ice,Psychic,305,50.83,23.53
239,Elekid,45,63,37,65,55,95,Electric,Electric,360,60.0,18.43
240,Magby,45,75,37,70,55,83,Fire,Fire,365,60.83,16.48
241,Miltank,95,80,105,40,70,100,Normal,Normal,490,81.67,22.11
242,Blissey,255,10,10,75,135,55,Normal,Normal,540,90.0,85.15
243,Raikou,90,85,75,115,100,115,Electric,Electric,580,96.67,14.91
244,Entei,115,115,85,90,75,100,Fire,Fire,580,96.67,14.91
245,Suicune,100,75,115,90,115,85,Water,Water,580,96.67,14.91
246,Larvitar,50,64,50,45,50,41,Rock,Ground,300,50.0,7.09
247,Pupitar,70,84,70,65,70,51,Rock,Ground,410,68.33,9.71
248,Tyranitar,100,134,110,95,100,61,Rock,Dark,600,100.0,21.61
249,Lugia,106,90,130,90,154,110,Psychic,Flying,680,113.33,22.68
250,Ho Oh,106,130,90,110,154,90,Fire,Flying,680,113.33,22.68
251,Celebi,100,100,100,100,100,100,Psychic,Grass,600,100.0,0.0
252,Treecko,40,45,35,65,55,70,Grass,Grass,310,51.67,12.8
253,Grovyle,50,65,45,85,65,95,Grass,Grass,405,67.5,17.74
254,Sceptile,70,85,65,105,85,120,Grass,Grass,530,88.33,19.08
255,Torchic,45,60,40,70,50,45,Fire,Fire,310,51.67,10.27
256,Combusken,60,85,60,85,60,55,Fire,Fighting,405,67.5,12.5
257,Blaziken,80,120,70,110,70,80,Fire,Fighting,530,88.33,19.51
258,Mudkip,50,70,50,50,50,40,Water,Water,310,51.67,8.98
259,Marshtomp,70,85,70,60,70,50,Water,Ground,405,67.5,10.7
260,Swampert,100,110,90,85,90,60,Water,Ground,535,89.17,15.39
261,Poochyena,35,55,35,30,30,35,Dark,Dark,220,36.67,8.5
262,Mightyena,70,90,70,60,60,70,Dark,Dark,420,70.0,10.0
263,Zigzagoon,38,30,41,30,41,60,Normal,Normal,240,40.0,10.05
264,Linoone,78,70,61,50,61,100,Normal,Normal,420,70.0,15.95
265,Wurmple,45,45,35,20,30,20,Bug,Bug,195,32.5,10.31
266,Silcoon,50,35,55,25,25,15,Bug,Bug,205,34.17,14.26
267,Beautifly,60,70,50,100,50,65,Bug,Flying,395,65.83,16.94
268,Cascoon,50,35,55,25,25,15,Bug,Bug,205,34.17,14.26
269,Dustox,60,50,70,50,90,65,Bug,Poison,385,64.17,13.67
270,Lotad,40,30,30,40,50,30,Water,Grass,220,36.67,7.45
271,Lombre,60,50,50,60,70,50,Water,Grass,340,56.67,7.45
272,Ludicolo,80,70,70,90,100,70,Water,Grass,480,80.0,11.55
273,Seedot,40,40,50,30,30,30,Grass,Grass,220,36.67,7.45
274,Nuzleaf,70,70,40,60,40,60,Grass,Dark,340,56.67,12.47
275,Shiftry,90,100,60,90,60,80,Grass,Dark,480,80.0,15.28
276,Taillow,40,55,30,30,30,85,Normal,Flying,270,45.0,20.0
277,Swellow,60,85,60,75,50,125,Normal,Flying,455,75.83,24.73
278,Wingull,40,30,30,55,30,85,Water,Flying,270,45.0,20.0
279,Pelipper,60,50,100,95,70,65,Water,Flying,440,73.33,18.18
280,Ralts,28,25,25,45,35,40,Psychic,Fairy,198,33.0,7.64
281,Kirlia,38,35,35,65,55,50,Psychic,Fairy,278,46.33,11.28
282,Gardevoir,68,65,65,125,115,80,Psychic,Fairy,518,86.33,24.51
283,Surskit,40,30,32,50,52,65,Bug,Water,269,44.83,12.2
284,Masquerain,70,60,62,100,82,80,Bug,Flying,454,75.67,13.63
285,Shroomish,60,40,60,40,60,35,Grass,Grass,295,49.17,10.96
286,Breloom,60,130,80,60,60,70,Grass,Fighting,460,76.67,24.94
287,Slakoth,60,60,60,35,35,30,Normal,Normal,280,46.67,13.44
288,Vigoroth,80,80,80,55,55,90,Normal,Normal,440,73.33,13.44
289,Slaking,150,160,100,95,65,100,Normal,Normal,670,111.67,33.0
290,Nincada,31,45,90,30,30,40,Bug,Ground,266,44.33,21.19
291,Ninjask,61,90,45,50,50,160,Bug,Flying,456,76.0,40.39
292,Shedinja,1,90,45,30,30,40,Bug,Ghost,236,39.33,26.59
293,Whismur,64,51,23,51,23,28,Normal,Normal,240,40.0,16.02
294,Loudred,84,71,43,71,43,48,Normal,Normal,360,60.0,16.02
295,Exploud,104,91,63,91,73,68,Normal,Normal,490,81.67,14.62
296,Makuhita,72,60,30,20,30,25,Fighting,Fighting,237,39.5,19.35
297,Hariyama,144,120,60,40,60,50,Fighting,Fighting,474,79.0,38.71
298,Azurill,50,20,40,20,40,20,Normal,Fairy,190,31.67,12.13
299,Nosepass,30,45,135,45,90,30,Rock,Rock,375,62.5,38.16
300,Skitty,50,45,45,35,35,50,Normal,Normal,260,43.33,6.24
301,Delcatty,70,65,65,55,55,90,Normal,Normal,400,66.67,11.79
302,Sableye,50,75,75,65,65,50,Dark,Ghost,380,63.33,10.27
303,Mawile,50,85,85,55,55,50,Steel,Fairy,380,63.33,15.46
304,Aron,50,70,100,40,40,30,Steel,Rock,330,55.0,23.63
305,Lairon,60,90,140,50,50,40,Steel,Rock,430,71.67,34.36
306,Aggron,70,110,180,60,60,50,Steel,Rock,530,88.33,45.25
307,Meditite,30,40,55,40,55,60,Fighting,Psychic,280,46.67,10.67
308,Medicham,60,60,75,60,75,80,Fighting,Psychic,410,68.33,8.5
309,Electrike,40,45,40,65,40,65,Electric,Electric,295,49.17,11.33
310,Manectric,70,75,60,105,60,105,Electric,Electric,475,79.17,19.02
311,Plusle,60,50,40,85,75,95,Electric,Electric,405,67.5,19.31
312,Minun,60,40,50,75,85,95,Electric,Electric,405,67.5,19.31
313,Volbeat,65,73,75,47,85,85,Bug,Bug,430,71.67,13.05
314,Illumise,65,47,75,73,85,85,Bug,Bug,430,71.67,13.05
315,Roselia,50,60,45,100,80,65,Grass,Poison,400,66.67,18.63
316,Gulpin,70,43,53,43,53,40,Poison,Poison,302,50.33,10.13
317,Swalot,100,73,83,73,83,55,Poison,Poison,467,77.83,13.62
318,Carvanha,45,90,20,65,20,65,Water,Dark,305,50.83,25.4
319,Sharpedo,70,120,40,95,40,95,Water,Dark,460,76.67,29.67
320,Wailmer,130,70,35,70,35,60,Water,Water,400,66.67,31.84
321,Wailord,170,90,45,90,45,60,Water,Water,500,83.33,42.98
322,Numel,60,60,40,65,45,35,Fire,Ground,305,50.83,11.33
323,Camerupt,70,100,70,105,75,40,Fire,Ground,460,76.67,21.54
324,Torkoal,70,85,140,85,70,20,Fire,Fire,470,78.33,35.2
325,Spoink,60,25,35,70,80,60,Psychic,Psychic,330,55.0,19.15
326,Grumpig,80,45,65,90,110,80,Psychic,Psychic,470,78.33,20.14
327,Spinda,60,60,60,60,60,60,Normal,Normal,360,60.0,0.0
328,Trapinch,45,100,45,45,45,10,Ground,Ground,290,48.33,26.4
329,Vibrava,50,70,50,50,50,70,Ground,Dragon,340,56.67,9.43
330,Flygon,80,100,80,80,80,100,Ground,Dragon,520,86.67,9.43
331,Cacnea,50,85,40,85,40,35,Grass,Grass,335,55.83,21.1
332,Cacturne,70,115,60,115,60,55,Grass,Dark,475,79.17,25.73
333,Swablu,45,40,60,40,75,50,Normal,Flying,310,51.67,12.47
334,Altaria,75,70,90,70,105,80,Dragon,Flying,490,81.67,12.47
335,Zangoose,73,115,60,60,60,90,Normal,Normal,458,76.33,20.39
336,Seviper,73,100,60,100,60,65,Poison,Poison,458,76.33,17.29
337,Lunatone,90,55,65,95,85,70,Rock,Psychic,460,76.67,14.34
338,Solrock,90,95,85,55,65,70,Rock,Psychic,460,76.67,14.34
339,Barboach,50,48,43,46,41,60,Water,Ground,288,48.0,6.14
340,Whiscash,110,78,73,76,71,60,Water,Ground,468,78.0,15.42
341,Corphish,43,80,65,50,35,35,Water,Water,308,51.33,16.4
342,Crawdaunt,63,120,85,90,55,55,Water,Dark,468,78.0,23.24
343,Baltoy,40,40,55,40,70,55,Ground,Psychic,300,50.0,11.18
344,Claydol,60,70,105,70,120,75,Ground,Psychic,500,83.33,21.54
345,Lileep,66,41,77,61,87,23,Rock,Grass,355,59.17,21.53
346,Cradily,86,81,97,81,107,43,Rock,Grass,495,82.5,19.95
347,Anorith,45,95,50,40,50,75,Rock,Bug,355,59.17,19.45
348,Armaldo,75,125,100,70,80,45,Rock,Bug,495,82.5,24.96
349,Feebas,20,15,20,10,55,80,Water,Water,200,33.33,25.44
350,Milotic,95,60,79,100,125,81,Water,Water,540,90.0,20.22
351,Castform,70,70,70,70,70,70,Normal,Normal,420,70.0,0.0
352,Kecleon,60,90,70,60,120,40,Normal,Normal,440,73.33,25.6
353,Shuppet,44,75,35,63,33,45,Ghost,Ghost,295,49.17,15.08
354,Banette,64,115,65,83,63,65,Ghost,Ghost,455,75.83,18.82
355,Duskull,20,40,90,30,90,25,Ghost,Ghost,295,49.17,29.5
356,Dusclops,40,70,130,60,130,25,Ghost,Ghost,455,75.83,40.87
357,Tropius,99,68,83,72,87,51,Grass,Flying,460,76.67,15.28
358,Chimecho,75,50,80,95,90,65,Psychic,Psychic,455,75.83,15.12
359,Absol,65,130,60,75,60,75,Dark,Dark,465,77.5,24.28
360,Wynaut,95,23,48,23,48,23,Psychic,Psychic,260,43.33,25.67
361,Snorunt,50,50,50,50,50,50,Ice,Ice,300,50.0,0.0
362,Glalie,80,80,80,80,80,80,Ice,Ice,480,80.0,0.0
363,Spheal,70,40,50,55,50,25,Ice,Water,290,48.33,13.74
364,Sealeo,90,60,70,75,70,45,Ice,Water,410,68.33,13.74
365,Walrein,110,80,90,95,90,65,Ice,Water,530,88.33,13.74
366,Clamperl,35,64,85,74,55,32,Water,Water,345,57.5,19.29
367,Huntail,55,104,105,94,75,52,Water,Water,485,80.83,21.71
368,Gorebyss,55,84,105,114,75,52,Water,Water,485,80.83,23.19
369,Relicanth,100,90,130,45,65,55,Water,Rock,485,80.83,29.07
370,Luvdisc,43,30,55,40,65,97,Water,Water,330,55.0,21.83
371,Bagon,45,75,60,40,30,50,Dragon,Dragon,300,50.0,14.43
372,Shelgon,65,95,100,60,50,50,Dragon,Dragon,420,70.0,20.21
373,Salamence,95,135,80,110,80,100,Dragon,Flying,600,100.0,18.93
374,Beldum,40,55,80,35,60,30,Steel,Psychic,300,50.0,17.08
375,Metang,60,75,100,55,80,50,Steel,Psychic,420,70.0,17.08
376,Metagross,80,135,130,95,90,70,Steel,Psychic,600,100.0,24.32
377,Regirock,80,100,200,50,100,50,Rock,Rock,580,96.67,50.55
378,Regice,80,50,100,100,200,50,Ice,Ice,580,96.67,50.55
379,Registeel,80,75,150,75,150,50,Steel,Steel,580,96.67,38.91
380,Latias,80,80,90,110,130,110,Dragon,Psychic,600,100.0,18.26
381,Latios,80,90,80,130,110,110,Dragon,Psychic,600,100.0,18.26
382,Kyogre,100,100,90,150,140,90,Water,Water,670,111.67,24.09
383,Groudon,100,150,140,100,90,90,Ground,Ground,670,111.67,24.09
384,Rayquaza,105,150,90,150,90,95,Dragon,Flying,680,113.33,26.4
385,Jirachi,100,100,100,100,100,100,Steel,Psychic,600,100.0,0.0
386,Deoxys Normal,50,150,50,150,50,150,Psychic,Psychic,600,100.0,50.0
387,Turtwig,55,68,64,45,55,31,Grass,Grass,318,53.0,12.26
388,Grotle,75,89,85,55,65,36,Grass,Grass,405,67.5,18.16
389,Torterra,95,109,105,75,85,56,Grass,Ground,525,87.5,18.16
390,Chimchar,44,58,44,58,44,61,Fire,Fire,309,51.5,7.57
391,Monferno,64,78,52,78,52,81,Fire,Fighting,405,67.5,12.22
392,Infernape,76,104,71,104,71,108,Fire,Fighting,534,89.0,16.47
393,Piplup,53,51,53,61,56,40,Water,Water,314,52.33,6.37
394,Prinplup,64,66,68,81,76,50,Water,Water,405,67.5,9.79
395,Empoleon,84,86,88,111,101,60,Water,Steel,530,88.33,15.82
396,Starly,40,55,30,30,30,60,Normal,Flying,245,40.83,12.39
397,Staravia,55,75,50,40,40,80,Normal,Flying,340,56.67,15.72
398,Staraptor,85,120,70,50,60,100,Normal,Flying,485,80.83,23.88
399,Bidoof,59,45,40,35,40,31,Normal,Normal,250,41.67,8.9
400,Bibarel,79,85,60,55,60,71,Normal,Water,410,68.33,10.92
401,Kricketot,37,25,41,25,41,25,Bug,Bug,194,32.33,7.45
402,Kricketune,77,85,51,55,51,65,Bug,Bug,384,64.0,13.1
403,Shinx,45,65,34,40,34,45,Electric,Electric,263,43.83,10.48
404,Luxio,60,85,49,60,49,60,Electric,Electric,363,60.5,12.01
405,Luxray,80,120,79,95,79,70,Electric,Electric,523,87.17,16.43
406,Budew,40,30,35,50,70,55,Grass,Poison,280,46.67,13.44
407,Roserade,60,70,65,125,105,90,Grass,Poison,515,85.83,23.35
408,Cranidos,67,125,40,30,30,58,Rock,Rock,350,58.33,32.82
409,Rampardos,97,165,60,65,50,58,Rock,Rock,495,82.5,39.76
410,Shieldon,30,42,118,42,88,30,Rock,Steel,350,58.33,33.11
411,Bastiodon,60,52,168,47,138,30,Rock,Steel,495,82.5,51.39
412,Burmy,40,29,45,29,45,36,Bug,Bug,224,37.33,6.65
413,Wormadam Plant,60,59,85,79,105,36,Bug,Grass,424,70.67,22.01
414,Mothim,70,94,50,94,50,66,Bug,Flying,424,70.67,18.1
415,Combee,30,30,42,30,42,70,Bug,Flying,244,40.67,14.17
416,Vespiquen,70,80,102,80,102,40,Bug,Flying,474,79.0,21.06
417,Pachirisu,60,45,70,45,90,95,Electric,Electric,405,67.5,19.74
418,Buizel,55,65,35,60,30,85,Water,Water,330,55.0,18.48
419,Floatzel,85,105,55,85,50,115,Water,Water,495,82.5,23.76
420,Cherubi,45,35,45,62,53,35,Grass,Grass,275,45.83,9.56
421,Cherrim,70,60,70,87,78,85,Grass,Grass,450,75.0,9.38
422,Shellos,76,48,48,57,62,34,Water,Water,325,54.17,13.09
423,Gastrodon,111,83,68,92,82,39,Water,Ground,475,79.17,22.13
424,Ambipom,75,100,66,60,66,115,Normal,Normal,482,80.33,20.17
425,Drifloon,90,50,34,60,44,70,Ghost,Flying,348,58.0,18.29
426,Drifblim,150,80,44,90,54,80,Ghost,Flying,498,83.0,33.96
427,Buneary,55,66,44,44,56,85,Normal,Normal,350,58.33,14.13
428,Lopunny,65,76,84,54,96,105,Normal,Normal,480,80.0,17.39
429,Mismagius,60,60,60,105,105,105,Ghost,Ghost,495,82.5,22.5
430,Honchkrow,100,125,52,105,52,71,Dark,Flying,505,84.17,27.67
431,Glameow,49,55,42,42,37,85,Normal,Normal,310,51.67,15.98
432,Purugly,71,82,64,64,59,112,Normal,Normal,452,75.33,17.94
433,Chingling,45,30,50,65,50,45,Psychic,Psychic,285,47.5,10.31
434,Stunky,63,63,47,41,41,74,Poison,Dark,329,54.83,12.55
435,Skuntank,103,93,67,71,61,84,Poison,Dark,479,79.83,14.86
436,Bronzor,57,24,86,24,86,23,Steel,Psychic,300,50.0,28.05
437,Bronzong,67,89,116,79,116,33,Steel,Psychic,500,83.33,28.83
438,Bonsly,50,80,95,10,45,10,Rock,Rock,290,48.33,31.97
439,Mime Jr,20,25,45,70,90,60,Psychic,Fairy,310,51.67,24.61
440,Happiny,100,5,5,15,65,30,Normal,Normal,220,36.67,34.96
441,Chatot,76,65,45,92,42,91,Normal,Flying,411,68.5,19.92
442,Spiritomb,50,92,108,92,108,35,Ghost,Dark,485,80.83,28.22
443,Gible,58,70,45,40,45,42,Dragon,Ground,300,50.0,10.63
444,Gabite,68,90,65,50,55,82,Dragon,Ground,410,68.33,14.03
445,Garchomp,108,130,95,80,85,102,Dragon,Ground,600,100.0,16.42
446,Munchlax,135,85,40,40,85,5,Normal,Normal,390,65.0,41.93
447,Riolu,40,70,40,35,40,60,Fighting,Fighting,285,47.5,12.83
448,Lucario,70,110,70,115,70,90,Fighting,Steel,525,87.5,19.09
449,Hippopotas,68,72,78,38,42,32,Ground,Ground,330,55.0,18.14
450,Hippowdon,108,112,118,68,72,47,Ground,Ground,525,87.5,26.49
451,Skorupi,40,50,90,30,55,65,Poison,Bug,330,55.0,19.15
452,Drapion,70,90,110,60,75,95,Poison,Dark,500,83.33,16.75
453,Croagunk,48,61,40,61,40,50,Poison,Fighting,300,50.0,8.62
454,Toxicroak,83,106,65,86,65,85,Poison,Fighting,490,81.67,14.02
455,Carnivine,74,100,72,90,72,46,Grass,Grass,454,75.67,16.87
456,Finneon,49,49,56,49,61,66,Water,Water,330,55.0,6.66
457,Lumineon,69,69,76,69,86,91,Water,Water,460,76.67,8.84
458,Mantyke,45,20,50,60,120,50,Water,Flying,345,57.5,30.52
459,Snover,60,62,50,62,60,40,Grass,Ice,334,55.67,8.12
460,Abomasnow,90,92,75,92,85,60,Grass,Ice,494,82.33,11.59
461,Weavile,70,120,65,45,85,125,Dark,Ice,510,85.0,29.01
462,Magnezone,70,70,115,130,90,60,Electric,Steel,535,89.17,25.56
463,Lickilicky,110,85,95,80,95,50,Normal,Normal,515,85.83,18.58
464,Rhyperior,115,140,130,55,55,40,Ground,Rock,535,89.17,40.15
465,Tangrowth,100,100,125,110,50,50,Grass,Grass,535,89.17,28.93
466,Electivire,75,123,67,95,85,95,Electric,Electric,540,90.0,17.88
467,Magmortar,75,95,67,125,95,83,Fire,Fire,540,90.0,18.61
468,Togekiss,85,50,95,120,115,80,Fairy,Flying,545,90.83,23.35
469,Yanmega,86,76,86,116,56,95,Bug,Flying,515,85.83,18.17
470,Leafeon,65,110,130,60,65,95,Grass,Grass,525,87.5,26.26
471,Glaceon,65,60,110,130,95,65,Ice,Ice,525,87.5,26.26
472,Gliscor,75,95,125,45,75,95,Ground,Flying,510,85.0,24.49
473,Mamoswine,110,130,80,70,60,80,Ice,Ground,530,88.33,24.09
474,Porygon Z,85,80,70,135,75,90,Normal,Normal,535,89.17,21.49
475,Gallade,68,125,65,65,115,80,Psychic,Fighting,518,86.33,24.51
476,Probopass,60,55,145,75,150,40,Rock,Steel,525,87.5,43.66
477,Dusknoir,45,100,135,65,135,45,Ghost,Ghost,525,87.5,38.27
478,Froslass,70,80,70,80,70,110,Ice,Ghost,480,80.0,14.14
479,Rotom,50,50,77,95,77,91,Electric,Ghost,440,73.33,17.78
480,Uxie,75,75,130,75,130,95,Psychic,Psychic,580,96.67,24.61
481,Mesprit,80,105,105,105,105,80,Psychic,Psychic,580,96.67,11.79
482,Azelf,75,125,70,125,70,115,Psychic,Psychic,580,96.67,25.28
483,Dialga,100,120,120,150,100,90,Steel,Dragon,680,113.33,19.72
484,Palkia,90,120,100,150,120,100,Water,Dragon,680,113.33,19.72
485,Heatran,91,90,106,130,106,77,Fire,Steel,600,100.0,16.74
486,Regigigas,110,160,110,80,110,100,Normal,Normal,670,111.67,24.09
487,Giratina Altered,150,100,120,100,120,90,Ghost,Dragon,680,113.33,19.72
488,Cresselia,120,70,110,75,120,85,Psychic,Psychic,580,96.67,20.75
489,Phione,80,80,80,80,80,80,Water,Water,480,80.0,0.0
490,Manaphy,100,100,100,100,100,100,Water,Water,600,100.0,0.0
491,Darkrai,70,90,90,135,90,125,Dark,Dark,600,100.0,22.55
492,Shaymin Land,100,100,100,100,100,100,Grass,Grass,600,100.0,0.0
493,Arceus,120,120,120,120,120,120,Normal,Normal,720,120.0,0.0
494,Victini,100,100,100,100,100,100,Psychic,Fire,600,100.0,0.0
495,Snivy,45,45,55,45,55,63,Grass,Grass,308,51.33,6.87
496,Servine,60,60,75,60,75,83,Grass,Grass,413,68.83,9.23
497,Serperior,75,75,95,75,95,113,Grass,Grass,528,88.0,14.32
498,Tepig,65,63,45,45,45,45,Fire,Fire,308,51.33,8.98
499,Pignite,90,93,55,70,55,55,Fire,Fighting,418,69.67,16.35
500,Emboar,110,123,65,100,65,65,Fire,Fighting,528,88.0,23.94
501,Oshawott,55,55,45,63,45,45,Water,Water,308,51.33,6.87
502,Dewott,75,75,60,83,60,60,Water,Water,413,68.83,9.23
503,Samurott,95,100,85,108,70,70,Water,Water,528,88.0,14.43
504,Patrat,45,55,39,35,39,42,Normal,Normal,255,42.5,6.37
505,Watchog,60,85,69,60,69,77,Normal,Normal,420,70.0,8.91
506,Lillipup,45,60,45,25,45,55,Normal,Normal,275,45.83,10.96
507,Herdier,65,80,65,35,65,60,Normal,Normal,370,61.67,13.44
508,Stoutland,85,110,90,45,90,80,Normal,Normal,500,83.33,19.51
509,Purrloin,41,50,37,50,37,66,Dark,Dark,281,46.83,10.12
510,Liepard,64,88,50,88,50,106,Dark,Dark,446,74.33,21.08
511,Pansage,50,53,48,53,48,64,Grass,Grass,316,52.67,5.47
512,Simisage,75,98,63,98,63,101,Grass,Grass,498,83.0,16.52
513,Pansear,50,53,48,53,48,64,Fire,Fire,316,52.67,5.47
514,Simisear,75,98,63,98,63,101,Fire,Fire,498,83.0,16.52
515,Panpour,50,53,48,53,48,64,Water,Water,316,52.67,5.47
516,Simipour,75,98,63,98,63,101,Water,Water,498,83.0,16.52
517,Munna,76,25,45,67,55,24,Psychic,Psychic,292,48.67,19.6
518,Musharna,116,55,85,107,95,29,Psychic,Psychic,487,81.17,30.26
519,Pidove,50,55,50,36,30,43,Normal,Flying,264,44.0,8.7
520,Tranquill,62,77,62,50,42,65,Normal,Flying,358,59.67,11.15
521,Unfezant,80,115,80,65,55,93,Normal,Flying,488,81.33,19.29
522,Blitzle,45,60,32,50,32,76,Electric,Electric,295,49.17,15.52
523,Zebstrika,75,100,63,80,63,116,Electric,Electric,497,82.83,19.37
524,Roggenrola,55,75,85,25,25,15,Rock,Rock,280,46.67,26.72
525,Boldore,70,105,105,50,40,20,Rock,Rock,390,65.0,31.89
526,Gigalith,85,135,130,60,80,25,Rock,Rock,515,85.83,38.23
527,Woobat,65,45,43,55,43,72,Psychic,Flying,323,53.83,11.32
528,Swoobat,67,57,55,77,55,114,Psychic,Flying,425,70.83,20.85
529,Drilbur,60,85,40,30,45,68,Ground,Ground,328,54.67,18.45
530,Excadrill,110,135,60,50,65,88,Ground,Steel,508,84.67,29.95
531,Audino,103,60,86,60,86,50,Normal,Normal,445,74.17,18.69
532,Timburr,75,80,55,25,35,35,Fighting,Fighting,305,50.83,20.9
533,Gurdurr,85,105,85,40,50,40,Fighting,Fighting,405,67.5,25.29
534,Conkeldurr,105,140,95,55,65,45,Fighting,Fighting,505,84.17,32.71
535,Tympole,50,50,40,50,40,64,Water,Water,294,49.0,8.06
536,Palpitoad,75,65,55,65,55,69,Water,Ground,384,64.0,7.19
537,Seismitoad,105,95,75,85,75,74,Water,Ground,509,84.83,11.7
538,Throh,120,100,85,30,85,45,Fighting,Fighting,465,77.5,30.92
539,Sawk,75,125,75,30,75,85,Fighting,Fighting,465,77.5,27.65
540,Sewaddle,45,53,70,40,60,42,Bug,Grass,310,51.67,10.66
541,Swadloon,55,63,90,50,80,42,Bug,Grass,380,63.33,16.79
542,Leavanny,75,103,80,70,80,92,Bug,Grass,500,83.33,11.04
543,Venipede,30,45,59,30,39,57,Bug,Poison,260,43.33,11.61
544,Whirlipede,40,55,99,40,79,47,Bug,Poison,360,60.0,21.89
545,Scolipede,60,100,89,55,69,112,Bug,Poison,485,80.83,21.0
546,Cottonee,40,27,60,37,50,66,Grass,Fairy,280,46.67,13.46
547,Whimsicott,60,67,85,77,75,116,Grass,Fairy,480,80.0,17.91
548,Petilil,45,35,50,70,50,30,Grass,Grass,280,46.67,12.8
549,Lilligant,70,60,75,110,75,90,Grass,Grass,480,80.0,16.07
550,Basculin Red Striped,70,92,65,80,55,98,Water,Water,460,76.67,15.01
551,Sandile,50,72,35,35,35,65,Ground,Dark,292,48.67,15.13
552,Krokorok,60,82,45,45,45,74,Ground,Dark,351,58.5,14.95
553,Krookodile,95,117,80,65,70,92,Ground,Dark,519,86.5,17.37
554,Darumaka,70,90,45,15,45,50,Fire,Fire,315,52.5,23.23
555,Darmanitan Standard,105,140,55,30,55,95,Fire,Fire,480,80.0,36.97
556,Maractus,75,86,67,106,67,60,Grass,Grass,461,76.83,15.36
557,Dwebble,50,65,85,35,35,55,Bug,Rock,325,54.17,17.42
558,Crustle,70,105,125,65,75,45,Bug,Rock,485,80.83,26.52
559,Scraggy,50,75,70,35,70,48,Dark,Fighting,348,58.0,14.55
560,Scrafty,65,90,115,45,115,58,Dark,Fighting,488,81.33,27.3
561,Sigilyph,72,58,80,103,80,97,Psychic,Flying,490,81.67,15.0
562,Yamask,38,30,85,55,65,30,Ghost,Ghost,303,50.5,20.07
563,Cofagrigus,58,50,145,95,105,30,Ghost,Ghost,483,80.5,38.64
564,Tirtouga,54,78,103,53,45,22,Water,Rock,355,59.17,25.57
565,Carracosta,74,108,133,83,65,32,Water,Rock,495,82.5,31.96
566,Archen,55,112,45,74,45,70,Rock,Flying,401,66.83,23.08
567,Archeops,75,140,65,112,65,110,Rock,Flying,567,94.5,28.1
568,Trubbish,50,50,62,40,62,65,Poison,Poison,329,54.83,8.88
569,Garbodor,80,95,82,60,82,75,Poison,Poison,474,79.0,10.42
570,Zorua,40,65,40,80,40,65,Dark,Dark,330,55.0,15.81
571,Zoroark,60,105,60,120,60,105,Dark,Dark,510,85.0,25.5
572,Minccino,55,50,40,40,40,75,Normal,Normal,300,50.0,12.58
573,Cinccino,75,95,60,65,60,115,Normal,Normal,470,78.33,20.34
574,Gothita,45,30,50,55,65,45,Psychic,Psychic,290,48.33,10.67
575,Gothorita,60,45,70,75,85,55,Psychic,Psychic,390,65.0,13.23
576,Gothitelle,70,55,95,95,110,65,Psychic,Psychic,490,81.67,19.51
577,Solosis,45,30,40,105,50,20,Psychic,Psychic,290,48.33,27.18
578,Duosion,65,40,50,125,60,30,Psychic,Psychic,370,61.67,30.64
579,Reuniclus,110,65,75,125,85,30,Psychic,Psychic,490,81.67,30.78
580,Ducklett,62,44,50,44,50,55,Water,Flying,305,50.83,6.28
581,Swanna,75,87,63,87,63,98,Water,Flying,473,78.83,13.02
582,Vanillite,36,50,50,65,60,44,Ice,Ice,305,50.83,9.6
583,Vanillish,51,65,65,80,75,59,Ice,Ice,395,65.83,9.6
584,Vanilluxe,71,95,85,110,95,79,Ice,Ice,535,89.17,12.6
585,Deerling,60,60,50,40,50,75,Normal,Grass,335,55.83,10.96
586,Sawsbuck,80,100,70,60,70,95,Normal,Grass,475,79.17,14.26
587,Emolga,55,75,60,75,60,103,Electric,Flying,428,71.33,16.09
588,Karrablast,50,75,45,40,45,60,Bug,Bug,315,52.5,11.81
589,Escavalier,70,135,105,60,105,20,Bug,Steel,495,82.5,37.28
590,Foongus,69,55,45,55,55,15,Grass,Poison,294,49.0,16.73
591,Amoonguss,114,85,70,85,80,30,Grass,Poison,464,77.33,25.04
592,Frillish,55,40,50,65,85,40,Water,Ghost,335,55.83,15.66
593,Jellicent,100,60,70,85,105,60,Water,Ghost,480,80.0,18.03
594,Alomomola,165,75,80,40,45,65,Water,Water,470,78.33,41.4
595,Joltik,50,47,50,57,50,65,Bug,Electric,319,53.17,6.09
596,Galvantula,70,77,60,97,60,108,Bug,Electric,472,78.67,18.13
597,Ferroseed,44,50,91,24,86,10,Grass,Steel,305,50.83,29.68
598,Ferrothorn,74,94,131,54,116,20,Grass,Steel,489,81.5,37.4
599,Klink,40,55,70,45,60,30,Steel,Steel,300,50.0,13.23
600,Klang,60,80,95,70,85,50,Steel,Steel,440,73.33,15.18
601,Klinklang,60,100,115,70,85,90,Steel,Steel,520,86.67,18.18
602,Tynamo,35,55,40,45,40,60,Electric,Electric,275,45.83,8.86
603,Eelektrik,65,85,70,75,70,40,Electric,Electric,405,67.5,13.77
604,Eelektross,85,115,80,105,80,50,Electric,Electric,515,85.83,20.7
605,Elgyem,55,55,55,85,55,30,Psychic,Psychic,335,55.83,15.92
606,Beheeyem,75,75,75,125,95,40,Psychic,Psychic,485,80.83,25.56
607,Litwick,50,30,55,65,55,20,Ghost,Fire,275,45.83,15.66
608,Lampent,60,40,60,95,60,55,Ghost,Fire,370,61.67,16.5
609,Chandelure,60,55,90,145,90,80,Ghost,Fire,520,86.67,29.39
610,Axew,46,87,60,30,40,57,Dragon,Dragon,320,53.33,18.11
611,Fraxure,66,117,70,40,50,67,Dragon,Dragon,410,68.33,24.21
612,Haxorus,76,147,90,60,70,97,Dragon,Dragon,540,90.0,28.27
613,Cubchoo,55,70,40,60,40,40,Ice,Ice,305,50.83,11.7
614,Beartic,95,130,80,70,80,50,Ice,Ice,505,84.17,24.57
615,Cryogonal,80,50,50,95,135,105,Ice,Ice,515,85.83,30.2
616,Shelmet,50,40,85,40,65,25,Bug,Bug,305,50.83,19.45
617,Accelgor,80,70,40,100,60,145,Bug,Bug,495,82.5,33.39
618,Stunfisk,109,66,84,81,99,32,Ground,Electric,471,78.5,24.85
619,Mienfoo,45,85,50,55,50,65,Fighting,Fighting,350,58.33,13.44
620,Mienshao,65,125,60,95,60,105,Fighting,Fighting,510,85.0,25.0
621,Druddigon,77,120,90,60,90,48,Dragon,Dragon,485,80.83,23.2
622,Golett,59,74,50,35,50,35,Ground,Ghost,303,50.5,13.57
623,Golurk,89,124,80,55,80,55,Ground,Ghost,483,80.5,23.33
624,Pawniard,45,85,70,40,40,60,Dark,Steel,340,56.67,16.75
625,Bisharp,65,125,100,60,70,70,Dark,Steel,490,81.67,23.21
626,Bouffalant,95,110,95,40,95,55,Normal,Normal,490,81.67,25.11
627,Rufflet,70,83,50,37,50,60,Normal,Flying,350,58.33,14.95
628,Braviary,100,123,75,57,75,80,Normal,Flying,510,85.0,21.13
629,Vullaby,70,55,75,45,65,60,Dark,Flying,370,61.67,9.86
630,Mandibuzz,110,65,105,55,95,80,Dark,Flying,510,85.0,20.21
631,Heatmor,85,97,66,105,66,65,Fire,Fire,484,80.67,16.09
632,Durant,58,109,112,48,48,109,Bug,Steel,484,80.67,29.54
633,Deino,52,65,50,45,50,38,Dark,Dragon,300,50.0,8.14
634,Zweilous,72,85,70,65,70,58,Dark,Dragon,420,70.0,8.14
635,Hydreigon,92,105,90,125,90,98,Dark,Dragon,600,100.0,12.37
636,Larvesta,55,85,55,50,55,60,Bug,Fire,360,60.0,11.55
637,Volcarona,85,60,65,135,105,100,Bug,Fire,550,91.67,25.44
638,Cobalion,91,90,129,90,72,108,Steel,Fighting,580,96.67,17.81
639,Terrakion,91,129,90,72,90,108,Rock,Fighting,580,96.67,17.81
640,Virizion,91,90,72,90,129,108,Grass,Fighting,580,96.67,17.81
641,Tornadus Incarnate,79,115,70,125,80,111,Flying,Flying,580,96.67,21.0
642,Thundurus Incarnate,79,115,70,125,80,111,Electric,Flying,580,96.67,21.0
643,Reshiram,100,120,100,150,120,90,Dragon,Fire,680,113.33,19.72
644,Zekrom,100,150,120,120,100,90,Dragon,Electric,680,113.33,19.72
645,Landorus Incarnate,89,125,90,115,80,101,Ground,Flying,600,100.0,15.66
646,Kyurem,125,130,90,130,90,95,Dragon,Ice,660,110.0,18.48
647,Keldeo Ordinary,91,72,90,129,90,108,Water,Fighting,580,96.67,17.81
648,Meloetta Aria,100,77,77,128,128,90,Normal,Psychic,600,100.0,21.32
649,Genesect,71,120,95,120,95,99,Bug,Steel,600,100.0,16.79
650,Chespin,56,61,65,48,45,38,Grass,Grass,313,52.17,9.37
651,Quilladin,61,78,95,56,58,57,Grass,Grass,405,67.5,14.38
652,Chesnaught,88,107,122,74,75,64,Grass,Fighting,530,88.33,20.24
653,Fennekin,40,45,40,62,60,60,Fire,Fire,307,51.17,9.67
654,Braixen,59,59,58,90,70,73,Fire,Fire,409,68.17,11.36
655,Delphox,75,69,72,114,100,104,Fire,Psychic,534,89.0,17.59
656,Froakie,41,56,40,62,44,71,Water,Water,314,52.33,11.59
657,Frogadier,54,63,52,83,56,97,Water,Water,405,67.5,16.76
658,Greninja,72,95,67,103,71,122,Water,Dark,530,88.33,20.06
659,Bunnelby,38,36,38,32,36,57,Normal,Normal,237,39.5,8.08
660,Diggersby,85,56,77,50,77,78,Normal,Ground,423,70.5,12.79
661,Fletchling,45,50,43,40,38,62,Normal,Flying,278,46.33,7.97
662,Fletchinder,62,73,55,56,52,84,Fire,Flying,382,63.67,11.35
663,Talonflame,78,81,71,74,69,126,Fire,Flying,499,83.17,19.57
664,Scatterbug,38,35,40,27,25,35,Bug,Bug,200,33.33,5.5
665,Spewpa,45,22,60,27,30,29,Bug,Bug,213,35.5,13.02
666,Vivillon,80,52,50,90,50,89,Bug,Flying,411,68.5,18.13
667,Litleo,62,50,58,73,54,72,Fire,Normal,369,61.5,8.6
668,Pyroar,86,68,72,109,66,106,Fire,Normal,507,84.5,17.49
669,Flabebe,44,38,39,61,79,42,Fairy,Fairy,303,50.5,14.86
670,Floette,54,45,47,75,98,52,Fairy,Fairy,371,61.83,18.9
671,Florges,78,65,68,112,154,75,Fairy,Fairy,552,92.0,31.71
672,Skiddo,66,65,48,62,57,52,Grass,Grass,350,58.33,6.65
673,Gogoat,123,100,62,97,81,68,Grass,Grass,531,88.5,20.71
674,Pancham,67,82,62,46,48,43,Fighting,Fighting,348,58.0,13.8
675,Pangoro,95,124,78,69,71,58,Fighting,Dark,495,82.5,21.65
676,Furfrou,75,80,60,65,90,102,Normal,Normal,472,78.67,14.28
677,Espurr,62,48,54,63,60,68,Psychic,Psychic,355,59.17,6.49
678,Meowstic Male,74,48,76,83,81,104,Psychic,Psychic,466,77.67,16.48
679,Honedge,45,80,100,35,37,28,Steel,Ghost,325,54.17,26.45
680,Doublade,59,110,150,45,49,35,Steel,Ghost,448,74.67,41.4
681,Aegislash Shield,60,50,140,50,140,60,Steel,Ghost,500,83.33,40.28
682,Spritzee,78,52,60,63,65,23,Fairy,Fairy,341,56.83,16.98
683,Aromatisse,101,72,72,99,89,29,Fairy,Fairy,462,77.0,24.35
684,Swirlix,62,48,66,59,57,49,Fairy,Fairy,341,56.83,6.52
685,Slurpuff,82,80,86,85,75,72,Fairy,Fairy,480,80.0,5.07
686,Inkay,53,54,53,37,46,45,Dark,Psychic,288,48.0,6.06
687,Malamar,86,92,88,68,75,73,Dark,Psychic,482,80.33,8.77
688,Binacle,42,52,67,39,56,50,Rock,Water,306,51.0,9.2
689,Barbaracle,72,105,115,54,86,68,Rock,Water,500,83.33,21.23
690,Skrelp,50,60,60,60,60,30,Poison,Water,320,53.33,11.06
691,Dragalge,65,75,90,97,123,44,Poison,Dragon,494,82.33,25.0
692,Clauncher,50,53,62,58,63,44,Water,Water,330,55.0,6.73
693,Clawitzer,71,73,88,120,89,59,Water,Water,500,83.33,19.36
694,Helioptile,44,38,33,61,43,70,Electric,Normal,289,48.17,13.03
695,Heliolisk,62,55,52,109,94,109,Electric,Normal,481,80.17,24.53
696,Tyrunt,58,89,77,45,45,48,Rock,Dragon,362,60.33,16.97
697,Tyrantrum,82,121,119,69,59,71,Rock,Dragon,521,86.83,24.39
698,Amaura,77,59,50,67,63,46,Rock,Ice,362,60.33,10.35
699,Aurorus,123,77,72,99,92,58,Rock,Ice,521,86.83,20.94
700,Sylveon,95,65,65,110,130,60,Fairy,Fairy,525,87.5,26.26
701,Hawlucha,78,92,75,74,63,118,Fighting,Flying,500,83.33,17.68
702,Dedenne,67,58,57,81,67,101,Electric,Fairy,431,71.83,15.24
703,Carbink,50,50,150,50,150,50,Rock,Fairy,500,83.33,47.14
704,Goomy,45,50,35,55,75,40,Dragon,Dragon,300,50.0,12.91
705,Sliggoo,68,75,53,83,113,60,Dragon,Dragon,452,75.33,19.43
706,Goodra,90,100,70,110,150,80,Dragon,Dragon,600,100.0,25.82
707,Klefki,57,80,91,80,87,75,Steel,Fairy,470,78.33,10.86
708,Phantump,43,70,48,50,60,38,Ghost,Grass,309,51.5,10.67
709,Trevenant,85,110,76,65,82,56,Ghost,Grass,474,79.0,17.03
710,Pumpkaboo Average,49,66,70,44,55,51,Ghost,Grass,335,55.83,9.26
711,Gourgeist Average,65,90,122,58,75,84,Ghost,Grass,494,82.33,20.74
712,Bergmite,55,69,85,32,35,28,Ice,Ice,304,50.67,20.98
713,Avalugg,95,117,184,44,46,28,Ice,Ice,514,85.67,53.81
714,Noibat,40,30,35,45,40,55,Flying,Dragon,245,40.83,7.86
715,Noivern,85,70,80,97,80,123,Flying,Dragon,535,89.17,17.12
716,Xerneas,126,131,95,131,98,99,Fairy,Fairy,680,113.33,16.13
717,Yveltal,126,131,95,131,98,99,Dark,Flying,680,113.33,16.13
718,Zygarde 50,108,100,121,81,95,95,Dragon,Ground,600,100.0,12.36
719,Diancie,50,100,150,100,150,50,Rock,Fairy,600,100.0,40.82
720,Hoopa,80,110,60,150,130,70,Psychic,Ghost,600,100.0,32.66
721,Volcanion,80,110,120,130,90,70,Fire,Water,600,100.0,21.6
722,Rowlet,68,55,55,50,50,42,Grass,Flying,320,53.33,7.87
723,Dartrix,78,75,75,70,70,52,Grass,Flying,420,70.0,8.54
724,Decidueye,78,107,75,100,100,70,Grass,Ghost,530,88.33,14.38
725,Litten,45,65,40,60,40,70,Fire,Fire,320,53.33,12.13
726,Torracat,65,85,50,80,50,90,Fire,Fire,420,70.0,16.07
727,Incineroar,95,115,90,80,90,60,Fire,Dark,530,88.33,16.5
728,Popplio,50,54,54,66,56,40,Water,Water,320,53.33,7.72
729,Brionne,60,69,69,91,81,50,Water,Water,420,70.0,13.32
730,Primarina,80,74,74,126,116,60,Water,Fairy,530,88.33,24.04
731,Pikipek,35,75,30,30,30,65,Normal,Flying,265,44.17,18.58
732,Trumbeak,55,85,50,40,50,75,Normal,Flying,355,59.17,15.66
733,Toucannon,80,120,75,75,75,60,Normal,Flying,485,80.83,18.58
734,Yungoos,48,70,30,30,30,45,Normal,Normal,253,42.17,14.5
735,Gumshoos,88,110,60,55,60,45,Normal,Normal,418,69.67,22.26
736,Grubbin,47,62,45,55,45,46,Bug,Bug,300,50.0,6.38
737,Charjabug,57,82,95,55,75,36,Bug,Electric,400,66.67,19.48
738,Vikavolt,77,70,90,145,75,43,Bug,Electric,500,83.33,30.99
739,Crabrawler,47,82,57,42,47,63,Fighting,Fighting,338,56.33,13.44
740,Crabominable,97,132,77,62,67,43,Fighting,Ice,478,79.67,28.47
741,Oricorio Baile,75,70,70,98,70,93,Fire,Flying,476,79.33,11.66
742,Cutiefly,40,45,40,55,40,84,Bug,Fairy,304,50.67,15.83
743,Ribombee,60,55,60,95,70,124,Bug,Fairy,464,77.33,24.64
744,Rockruff,45,65,40,30,40,60,Rock,Rock,280,46.67,12.13
745,Lycanroc Midday,75,115,65,55,65,112,Rock,Rock,487,81.17,23.6
746,Wishiwashi Solo,45,20,20,25,25,40,Water,Water,175,29.17,9.75
747,Mareanie,50,53,62,43,52,45,Poison,Water,305,50.83,6.15
748,Toxapex,50,63,152,53,142,35,Poison,Water,495,82.5,46.43
749,Mudbray,70,100,70,45,55,45,Ground,Ground,385,64.17,19.02
750,Mudsdale,100,125,100,55,85,35,Ground,Ground,500,83.33,30.09
751,Dewpider,38,40,52,40,72,27,Water,Bug,269,44.83,14.15
752,Araquanid,68,70,92,50,132,42,Water,Bug,454,75.67,29.79
753,Fomantis,40,55,35,50,35,35,Grass,Grass,250,41.67,7.99
754,Lurantis,70,105,90,80,90,45,Grass,Grass,480,80.0,18.93
755,Morelull,40,35,55,65,75,15,Grass,Fairy,285,47.5,19.95
756,Shiinotic,60,45,80,90,100,30,Grass,Fairy,405,67.5,24.79
757,Salandit,48,44,40,71,40,77,Poison,Fire,320,53.33,14.96
758,Salazzle,68,64,60,111,60,117,Poison,Fire,480,80.0,24.26
759,Stufful,70,75,50,45,50,50,Normal,Fighting,340,56.67,11.43
760,Bewear,120,125,80,55,60,60,Normal,Fighting,500,83.33,28.82
761,Bounsweet,42,30,38,30,38,32,Grass,Grass,210,35.0,4.58
762,Steenee,52,40,48,40,48,62,Grass,Grass,290,48.33,7.52
763,Tsareena,72,120,98,50,98,72,Grass,Grass,510,85.0,22.83
764,Comfey,51,52,90,82,110,100,Fairy,Fairy,485,80.83,22.45
765,Oranguru,90,60,80,90,110,60,Normal,Psychic,490,81.67,17.72
766,Passimian,100,120,90,40,60,80,Fighting,Fighting,490,81.67,26.09
767,Wimpod,25,35,40,20,30,80,Bug,Water,230,38.33,19.72
768,Golisopod,75,125,140,60,90,40,Bug,Water,530,88.33,34.96
769,Sandygast,55,55,80,70,45,15,Ghost,Ground,320,53.33,20.55
770,Palossand,85,75,110,100,75,35,Ghost,Ground,480,80.0,23.8
771,Pyukumuku,55,60,130,30,130,5,Water,Water,410,68.33,47.14
772,Type Null,95,95,95,95,95,59,Normal,Normal,534,89.0,13.42
773,Silvally,95,95,95,95,95,95,Normal,Normal,570,95.0,0.0
774,Minior Red Meteor,60,60,100,60,100,60,Rock,Flying,440,73.33,18.86
775,Komala,65,115,65,75,95,65,Normal,Normal,480,80.0,18.93
776,Turtonator,60,78,135,91,85,36,Fire,Dragon,485,80.83,30.3
777,Togedemaru,65,98,63,40,73,96,Electric,Steel,435,72.5,20.02
778,Mimikyu Disguised,55,90,80,50,105,96,Ghost,Fairy,476,79.33,20.43
779,Bruxish,68,105,70,70,70,92,Water,Psychic,475,79.17,14.19
780,Drampa,78,60,85,135,91,36,Normal,Dragon,485,80.83,30.3
781,Dhelmise,70,131,100,86,90,40,Ghost,Grass,517,86.17,27.72
782,Jangmo O,45,55,65,45,45,45,Dragon,Dragon,300,50.0,7.64
783,Hakamo O,55,75,90,65,70,65,Dragon,Fighting,420,70.0,10.8
784,Kommo O,75,110,125,100,105,85,Dragon,Fighting,600,100.0,16.33
785,Tapu Koko,70,115,85,95,75,130,Electric,Fairy,570,95.0,21.41
786,Tapu Lele,70,85,75,130,115,95,Psychic,Fairy,570,95.0,21.41
787,Tapu Bulu,70,130,115,85,95,75,Grass,Fairy,570,95.0,21.41
788,Tapu Fini,70,75,115,95,130,85,Water,Fairy,570,95.0,21.41
789,Cosmog,43,29,31,29,31,37,Psychic,Psychic,200,33.33,5.09
790,Cosmoem,43,29,131,29,131,37,Psychic,Psychic,400,66.67,45.74
791,Solgaleo,137,137,107,113,89,97,Psychic,Steel,680,113.33,18.35
792,Lunala,137,113,89,137,107,97,Psychic,Ghost,680,113.33,18.35
793,Nihilego,109,53,47,127,131,103,Rock,Poison,570,95.0,33.29
794,Buzzwole,107,139,139,53,53,79,Bug,Fighting,570,95.0,36.06
795,Pheromosa,71,137,37,137,37,151,Bug,Fighting,570,95.0,48.25
796,Xurkitree,83,89,71,173,71,83,Electric,Electric,570,95.0,35.5
797,Celesteela,97,101,103,107,101,61,Steel,Flying,570,95.0,15.49
798,Kartana,59,181,131,59,31,109,Grass,Steel,570,95.0,50.95
799,Guzzlord,223,101,53,97,53,43,Dark,Dragon,570,95.0,61.45
800,Necrozma,97,107,101,127,89,79,Psychic,Psychic,600,100.0,15.0
801,Magearna,80,95,115,130,115,65,Steel,Fairy,600,100.0,22.36
802,Marshadow,90,125,80,90,90,125,Fighting,Ghost,600,100.0,18.03
803,Poipole,67,73,67,73,67,73,Poison,Poison,420,70.0,3.0
804,Naganadel,73,73,73,127,73,121,Poison,Dragon,540,90.0,24.1
805,Stakataka,61,131,211,53,101,13,Rock,Steel,570,95.0,63.81
806,Blacephalon,53,127,53,151,79,107,Fire,Ghost,570,95.0,36.72
807,Zeraora,88,112,75,102,80,143,Electric,Electric,600,100.0,22.97
808,Meltan,46,65,65,55,35,34,Steel,Steel,300,50.0,12.73
809,Melmetal,135,143,143,80,65,34,Steel,Steel,600,100.0,42.63
810,Grookey,50,65,50,40,40,65,Grass,Grass,310,51.67,10.27
811,Thwackey,70,85,70,55,60,80,Grass,Grass,420,70.0,10.41
812,Rillaboom,100,125,90,60,70,85,Grass,Grass,530,88.33,20.95
813,Scorbunny,50,71,40,40,40,69,Fire,Fire,310,51.67,13.45
814,Raboot,65,86,60,55,60,94,Fire,Fire,420,70.0,14.62
815,Cinderace,80,116,75,65,75,119,Fire,Fire,530,88.33,21.12
816,Sobble,50,40,40,70,40,70,Water,Water,310,51.67,13.44
817,Drizzile,65,60,55,95,55,90,Water,Water,420,70.0,16.33
818,Inteleon,70,85,65,125,65,120,Water,Water,530,88.33,25.11
819,Skwovet,70,55,55,35,35,25,Normal,Normal,275,45.83,15.39
820,Greedent,120,95,95,55,75,20,Normal,Normal,460,76.67,32.23
821,Rookidee,38,47,35,33,35,57,Flying,Flying,245,40.83,8.53
822,Corvisquire,68,67,55,43,55,77,Flying,Flying,365,60.83,11.08
823,Corviknight,98,87,105,53,85,67,Flying,Steel,495,82.5,17.72
824,Blipbug,25,20,20,25,45,45,Bug,Bug,180,30.0,10.8
825,Dottler,50,35,80,50,90,30,Bug,Psychic,335,55.83,22.06
826,Orbeetle,60,45,110,80,120,90,Bug,Psychic,505,84.17,26.21
827,Nickit,40,28,28,47,52,50,Dark,Dark,245,40.83,9.81
828,Thievul,70,58,58,87,92,90,Dark,Dark,455,75.83,14.47
829,Gossifleur,40,40,60,40,60,10,Grass,Grass,250,41.67,16.75
830,Eldegoss,60,50,90,80,120,60,Grass,Grass,460,76.67,23.57
831,Wooloo,42,40,55,40,45,48,Normal,Normal,270,45.0,5.29
832,Dubwool,72,80,100,60,90,88,Normal,Normal,490,81.67,12.98
833,Chewtle,50,64,50,38,38,44,Water,Water,284,47.33,8.92
834,Drednaw,90,115,90,48,68,74,Water,Rock,485,80.83,20.92
835,Yamper,59,45,50,40,50,26,Electric,Electric,270,45.0,10.26
836,Boltund,69,90,60,90,60,121,Electric,Electric,490,81.67,21.55
837,Rolycoly,30,40,50,40,50,30,Rock,Rock,240,40.0,8.16
838,Carkol,80,60,90,60,70,50,Rock,Fire,410,68.33,13.44
839,Coalossal,110,80,120,80,90,30,Rock,Fire,510,85.0,28.72
840,Applin,40,40,80,40,40,20,Grass,Dragon,260,43.33,17.95
841,Flapple,70,110,80,95,60,70,Grass,Dragon,485,80.83,16.94
842,Appletun,110,85,80,100,80,30,Grass,Dragon,485,80.83,25.24
843,Silicobra,52,57,75,35,50,46,Ground,Ground,315,52.5,12.12
844,Sandaconda,72,107,125,65,70,71,Ground,Ground,510,85.0,22.63
845,Cramorant,70,85,55,85,95,85,Flying,Water,475,79.17,13.04
846,Arrokuda,41,63,40,40,30,66,Water,Water,280,46.67,13.16
847,Barraskewda,61,123,60,60,50,136,Water,Water,490,81.67,34.23
848,Toxel,40,38,35,54,35,40,Electric,Poison,242,40.33,6.45
849,Toxtricity Amped,75,98,70,114,70,75,Electric,Poison,502,83.67,16.58
850,Sizzlipede,50,65,45,50,50,45,Fire,Bug,305,50.83,6.72
851,Centiskorch,100,115,65,90,90,65,Fire,Bug,525,87.5,17.97
852,Clobbopus,50,68,60,50,50,32,Fighting,Fighting,310,51.67,11.04
853,Grapploct,80,118,90,70,80,42,Fighting,Fighting,480,80.0,22.69
854,Sinistea,40,45,45,74,54,50,Ghost,Ghost,308,51.33,11.04
855,Polteageist,60,65,65,134,114,70,Ghost,Ghost,508,84.67,28.55
856,Hatenna,42,30,45,56,53,39,Psychic,Psychic,265,44.17,8.67
857,Hattrem,57,40,65,86,73,49,Psychic,Psychic,370,61.67,15.18
858,Hatterene,57,90,95,136,103,29,Psychic,Fairy,510,85.0,34.08
859,Impidimp,45,45,30,55,40,50,Dark,Fairy,265,44.17,7.86
860,Morgrem,65,60,45,75,55,70,Dark,Fairy,370,61.67,9.86
861,Grimmsnarl,95,120,65,95,75,60,Dark,Fairy,510,85.0,20.62
862,Obstagoon,93,90,101,60,81,95,Dark,Normal,520,86.67,13.35
863,Perrserker,70,110,100,50,60,50,Steel,Steel,440,73.33,23.57
864,Cursola,60,95,50,145,130,30,Ghost,Ghost,510,85.0,42.03
865,Sirfetchd,62,135,95,68,82,65,Fighting,Fighting,507,84.5,25.25
866,Mr Rime,80,85,75,110,100,70,Ice,Psychic,520,86.67,14.04
867,Runerigus,58,95,145,50,105,30,Ground,Ghost,483,80.5,38.64
868,Milcery,45,40,40,50,61,34,Fairy,Fairy,270,45.0,8.68
869,Alcremie,65,60,75,110,121,64,Fairy,Fairy,495,82.5,23.98
870,Falinks,65,100,100,70,60,75,Fighting,Fighting,470,78.33,15.99
871,Pincurchin,48,101,95,91,85,15,Electric,Electric,435,72.5,30.89
872,Snom,30,25,35,45,30,20,Ice,Bug,185,30.83,7.86
873,Frosmoth,70,65,60,125,90,65,Ice,Bug,475,79.17,22.62
874,Stonjourner,100,125,135,20,20,70,Rock,Rock,470,78.33,46.07
875,Eiscue Ice,75,80,110,65,90,50,Ice,Ice,470,78.33,18.86
876,Indeedee Male,60,65,55,105,95,95,Psychic,Normal,475,79.17,19.67
877,Morpeko Full Belly,58,95,58,70,58,97,Electric,Dark,436,72.67,17.05
878,Cufant,72,80,49,40,49,40,Steel,Steel,330,55.0,15.47
879,Copperajah,122,130,69,80,69,30,Steel,Steel,500,83.33,34.01
880,Dracozolt,90,100,90,80,70,75,Electric,Dragon,505,84.17,10.17
881,Arctozolt,90,100,90,90,80,55,Electric,Ice,505,84.17,14.26
882,Dracovish,90,90,100,70,80,75,Water,Dragon,505,84.17,10.17
883,Arctovish,90,90,100,80,90,55,Water,Ice,505,84.17,14.26
884,Duraludon,70,95,115,120,50,85,Steel,Dragon,535,89.17,24.4
885,Dreepy,28,60,30,40,30,82,Dragon,Ghost,270,45.0,19.82
886,Drakloak,68,80,50,60,50,102,Dragon,Ghost,410,68.33,18.31
887,Dragapult,88,120,75,100,75,142,Dragon,Ghost,600,100.0,24.35
888,Zacian,92,120,115,80,115,138,Fairy,Fairy,660,110.0,18.96
889,Zamazenta,92,120,115,80,115,138,Fighting,Fighting,660,110.0,18.96
890,Eternatus,140,85,95,145,95,130,Poison,Dragon,690,115.0,23.98
891,Kubfu,60,90,60,53,50,72,Fighting,Fighting,385,64.17,13.47
892,Urshifu Single Strike,100,130,100,63,60,97,Fighting,Dark,550,91.67,24.02
893,Zarude,105,120,105,70,95,105,Dark,Grass,600,100.0,15.28
894,Regieleki,80,100,50,100,50,200,Electric,Electric,580,96.67,50.55
895,Regidrago,200,100,50,100,50,80,Dragon,Dragon,580,96.67,50.55
896,Glastrier,100,145,130,65,110,30,Ice,Ice,580,96.67,38.91
897,Spectrier,100,65,60,145,80,130,Ghost,Ghost,580,96.67,31.84
898,Calyrex,100,80,80,80,80,80,Psychic,Grass,500,83.33,7.45
899,Wyrdeer,103,105,72,105,75,65,Normal,Psychic,525,87.5,17.11
900,Kleavor,70,135,95,45,70,85,Bug,Rock,500,83.33,27.79
901,Ursaluna,130,140,105,45,80,50,Ground,Normal,550,91.67,36.59
902,Basculegion Male,120,112,65,80,75,78,Water,Ghost,530,88.33,20.25
903,Sneasler,80,130,60,40,80,120,Fighting,Poison,510,85.0,31.49
904,Overqwil,85,115,95,65,65,85,Dark,Poison,510,85.0,17.32
905,Enamorus Incarnate,74,115,70,135,80,106,Fairy,Flying,580,96.67,23.79
906,Sprigatito,40,61,54,45,45,65,Grass,Grass,310,51.67,9.09
907,Floragato,61,80,63,60,63,83,Grass,Grass,410,68.33,9.41
908,Meowscarada,76,110,70,81,70,123,Grass,Dark,530,88.33,20.61
909,Fuecoco,67,45,59,63,40,36,Fire,Fire,310,51.67,11.86
910,Crocalor,81,55,78,90,58,49,Fire,Fire,411,68.5,15.17
911,Skeledirge,104,75,100,110,75,66,Fire,Ghost,530,88.33,16.86
912,Quaxly,55,65,45,50,45,50,Water,Water,310,51.67,6.87
913,Quaxwell,70,85,65,65,60,65,Water,Water,410,68.33,7.99
914,Quaquaval,85,120,80,85,75,85,Water,Fighting,530,88.33,14.62
915,Lechonk,54,45,40,35,45,35,Normal,Normal,254,42.33,6.62
916,Oinkologne,110,100,75,59,80,65,Normal,Normal,489,81.5,18.15
917,Tarountula,35,41,45,29,40,20,Bug,Bug,210,35.0,8.39
918,Spidops,60,79,92,52,86,35,Bug,Bug,404,67.33,20.11
919,Nymble,33,46,40,21,25,45,Bug,Bug,210,35.0,9.54
920,Lokix,71,102,78,52,55,92,Bug,Dark,450,75.0,18.13
921,Pawmi,45,50,20,40,25,60,Electric,Electric,240,40.0,13.84
922,Pawmo,60,75,40,50,40,85,Electric,Fighting,350,58.33,17.0
923,Pawmot,70,115,70,70,60,105,Electric,Fighting,490,81.67,20.55
924,Tandemaus,50,50,45,40,45,75,Normal,Normal,305,50.83,11.33
925,Maushold,74,75,70,65,75,111,Normal,Normal,470,78.33,15.03
926,Fidough,37,55,70,30,55,65,Fairy,Fairy,312,52.0,14.26
927,Dachsbun,57,80,115,50,80,95,Fairy,Fairy,477,79.5,21.9
928,Smoliv,41,35,45,58,51,30,Grass,Normal,260,43.33,9.39
929,Dolliv,52,53,60,78,78,33,Grass,Normal,354,59.0,15.73
930,Arboliva,78,69,90,125,109,39,Grass,Normal,510,85.0,27.75
931,Squawkabilly,82,96,51,45,51,92,Normal,Flying,417,69.5,21.01
932,Nacli,55,55,75,35,35,25,Rock,Rock,280,46.67,16.75
933,Naclstack,60,60,100,35,65,35,Rock,Rock,355,59.17,21.87
934,Garganacl,100,100,130,45,90,35,Rock,Rock,500,83.33,33.12
935,Charcadet,40,50,40,50,40,35,Fire,Fire,255,42.5,5.59
936,Armarouge,85,60,100,125,80,75,Fire,Psychic,525,87.5,20.56
937,Ceruledge,75,125,80,60,100,85,Fire,Ghost,525,87.5,20.56
938,Tadbulb,61,31,41,59,35,45,Electric,Electric,272,45.33,11.28
939,Bellibolt,109,64,91,103,83,45,Electric,Electric,495,82.5,22.15
940,Wattrel,40,40,35,55,40,70,Electric,Flying,280,46.67,12.13
941,Kilowattrel,70,70,60,105,60,125,Electric,Flying,490,81.67,24.61
942,Maschiff,60,78,60,40,51,51,Dark,Dark,340,56.67,11.69
943,Mabosstiff,80,120,90,60,70,85,Dark,Dark,505,84.17,18.8
944,Shroodle,40,65,35,40,35,75,Poison,Normal,290,48.33,15.72
945,Grafaiai,63,95,65,80,72,110,Poison,Normal,485,80.83,16.83
946,Bramblin,40,65,30,45,35,60,Grass,Ghost,275,45.83,12.72
947,Brambleghast,55,115,70,80,70,90,Grass,Ghost,480,80.0,18.93
948,Toedscool,40,40,35,50,100,70,Ground,Grass,335,55.83,22.81
949,Toedscruel,80,70,65,80,120,100,Ground,Grass,515,85.83,18.8
950,Klawf,70,100,115,35,55,75,Rock,Rock,450,75.0,26.61
951,Capsakid,50,62,40,62,40,50,Grass,Grass,304,50.67,8.99
952,Scovillain,65,108,65,108,65,75,Grass,Fire,486,81.0,19.42
953,Rellor,41,50,60,31,58,30,Bug,Bug,270,45.0,11.94
954,Rabsca,75,50,85,115,100,45,Bug,Psychic,470,78.33,25.11
955,Flittle,30,35,30,55,30,75,Psychic,Psychic,255,42.5,17.02
956,Espathra,95,60,60,101,60,105,Psychic,Psychic,481,80.17,20.37
957,Tinkatink,50,45,45,35,64,58,Fairy,Steel,297,49.5,9.43
958,Tinkatuff,65,55,55,45,82,78,Fairy,Steel,380,63.33,13.17
959,Tinkaton,85,75,77,70,105,94,Fairy,Steel,506,84.33,12.02
960,Wiglett,10,55,25,35,25,95,Water,Water,245,40.83,27.75
961,Wugtrio,35,100,50,50,70,120,Water,Water,425,70.83,30.06
962,Bombirdier,70,103,85,60,85,82,Flying,Dark,485,80.83,13.41
963,Finizen,70,45,40,45,40,75,Water,Water,315,52.5,14.36
964,Palafin,100,70,72,53,62,100,Water,Water,457,76.17,17.93
965,Varoom,45,70,63,30,45,47,Steel,Poison,300,50.0,13.09
966,Revavroom,80,119,90,54,67,90,Steel,Poison,500,83.33,20.41
967,Cyclizar,70,95,65,85,65,121,Dragon,Normal,501,83.5,20.03
968,Orthworm,70,85,145,60,55,65,Steel,Steel,480,80.0,30.55
969,Glimmet,48,35,42,105,60,60,Rock,Poison,350,58.33,22.74
970,Glimmora,83,55,90,130,81,86,Rock,Poison,525,87.5,22.11
971,Greavard,50,61,60,30,55,34,Ghost,Ghost,290,48.33,12.15
972,Houndstone,72,101,100,50,97,68,Ghost,Ghost,488,81.33,19.27
973,Flamigo,82,115,74,75,64,90,Flying,Fighting,500,83.33,16.22
974,Cetoddle,108,68,45,30,40,43,Ice,Ice,334,55.67,26.04
975,Cetitan,170,113,65,45,55,73,Ice,Ice,521,86.83,42.88
976,Veluza,90,102,73,78,65,70,Water,Psychic,478,79.67,12.66
977,Dondozo,150,100,115,65,65,35,Water,Water,530,88.33,37.82
978,Tatsugiri,68,50,60,120,95,82,Dragon,Water,475,79.17,23.34
979,Annihilape,110,115,80,50,90,90,Fighting,Ghost,535,89.17,21.29
980,Clodsire,130,75,60,45,100,20,Poison,Ground,430,71.67,35.9
981,Farigiraf,120,90,70,110,70,60,Normal,Psychic,520,86.67,22.11
982,Dudunsparce,125,100,80,85,75,55,Normal,Normal,520,86.67,21.73
983,Kingambit,100,135,120,60,85,50,Dark,Steel,550,91.67,30.37
984,Great Tusk,115,131,131,53,53,87,Ground,Fighting,570,95.0,33.13
985,Scream Tail,115,65,99,65,115,111,Fairy,Psychic,570,95.0,21.88
986,Brute Bonnet,111,127,99,79,99,55,Grass,Dark,570,95.0,22.98
987,Flutter Mane,55,55,55,135,135,135,Ghost,Fairy,570,95.0,40.0
988,Slither Wing,85,135,79,85,105,81,Bug,Fighting,570,95.0,19.8
989,Sandy Shocks,85,81,97,121,85,101,Electric,Ground,570,95.0,13.61
990,Iron Treads,90,112,120,72,70,106,Ground,Steel,570,95.0,19.21
991,Iron Bundle,56,80,114,124,60,136,Ice,Water,570,95.0,31.24
992,Iron Hands,154,140,108,50,68,50,Fighting,Electric,570,95.0,41.74
993,Iron Jugulis,94,80,86,122,80,108,Dark,Flying,570,95.0,15.44
994,Iron Moth,80,70,60,140,110,110,Fire,Poison,570,95.0,27.54
995,Iron Thorns,100,134,110,70,84,72,Rock,Electric,570,95.0,22.53
996,Frigibax,65,75,45,35,45,55,Dragon,Ice,320,53.33,13.44
997,Arctibax,90,95,66,45,65,62,Dragon,Ice,423,70.5,17.1
998,Baxcalibur,115,145,92,75,86,87,Dragon,Ice,600,100.0,23.47
999,Gimmighoul,45,30,70,75,70,10,Ghost,Ghost,300,50.0,23.98
1000,Gholdengo,87,60,95,133,91,84,Steel,Ghost,550,91.67,21.62
1001,Wo Chien,85,85,100,95,135,70,Dark,Grass,570,95.0,20.21
1002,Chien Pao,80,120,80,90,65,135,Dark,Ice,570,95.0,24.49
1003,Ting Lu,155,110,125,55,80,45,Dark,Ground,570,95.0,38.84
1004,Chi Yu,55,80,80,135,120,100,Dark,Fire,570,95.0,26.77
1005,Roaring Moon,105,139,71,55,101,119,Dragon,Dark,590,98.33,28.16
1006,Iron Valiant,74,130,90,120,60,116,Fairy,Fighting,590,98.33,25.55
1007,Koraidon,100,135,115,85,100,135,Fighting,Dragon,670,111.67,18.63
1008,Miraidon,100,85,100,135,115,135,Electric,Dragon,670,111.67,18.63
1009,Walking Wake,99,83,91,125,83,109,Water,Dragon,590,98.33,15.0
1010,Iron Leaves,90,130,88,70,108,104,Grass,Psychic,590,98.33,18.74
1011,Dipplin,80,80,110,95,80,40,Grass,Dragon,485,80.83,21.29
1012,Poltchageist,40,45,45,74,54,50,Grass,Ghost,308,51.33,11.04
1013,Sinistcha,71,60,106,121,80,70,Grass,Ghost,508,84.67,21.63
1014,Okidogi,88,128,115,58,86,80,Poison,Fighting,555,92.5,23.01
1015,Munkidori,88,75,66,130,90,106,Poison,Psychic,555,92.5,20.91
1016,Fezandipiti,88,91,82,70,125,99,Poison,Fairy,555,92.5,17.02
1017,Ogerpon,80,120,84,60,96,110,Grass,Grass,550,91.67,19.81
1018,Archaludon,90,105,130,125,65,85,Steel,Dragon,600,100.0,22.73
1019,Hydrapple,106,80,110,120,80,44,Grass,Dragon,540,90.0,25.4
1020,Gouging Fire,105,115,121,65,93,91,Fire,Dragon,590,98.33,18.39
1021,Raging Bolt,125,73,91,137,89,75,Electric,Dragon,590,98.33,24.27
1022,Iron Boulder,90,120,80,68,108,124,Rock,Psychic,590,98.33,20.6
1023,Iron Crown,90,72,100,122,108,98,Steel,Psychic,590,98.33,15.38
1024,Terapagos,90,65,85,65,85,60,Normal,Normal,450,75.0,11.9
1025,Pecharunt,88,88,160,88,88,88,Poison,Ghost,600,100.0,26.83
