Pokedex_entry_number,Pokemon_name,Primary_type,Secondary_type,Total_stats,HP_stat,Attack_stat,Defense_stat,Special_attack_stat,Special_defense_stat,Speed_stat
1,Bulbasaur,Grass,Poison,318,45,49,49,65,65,45
2,Ivysaur,Grass,Poison,405,60,62,63,80,80,60
3,Venusaur,Grass,Poison,525,80,82,83,100,100,80
6,Charizard,Fire,Flying,534,78,84,78,109,85,100
12,Butterfree,Bug,Flying,395,60,45,50,90,80,70
13,Weedle,Bug,Poison,195,40,35,30,20,20,50
14,Kakuna,Bug,Poison,205,45,25,50,25,25,35
15,Beedrill,Bug,Poison,395,65,90,40,45,80,75
16,Pidgey,Normal,Flying,251,40,45,40,35,35,56
17,Pidgeotto,Normal,Flying,349,63,60,55,50,50,71
18,Pidgeot,Normal,Flying,479,83,80,75,70,70,101
21,Spearow,Normal,Flying,262,40,60,30,31,31,70
22,Fearow,Normal,Flying,442,65,90,65,61,61,100
31,Nidoqueen,Poison,Ground,505,90,92,87,75,85,76
34,Nidoking,Poison,Ground,505,81,102,77,85,75,85
39,Jigglypuff,Normal,Fairy,270,115,45,20,45,25,20
40,Wigglytuff,Normal,Fairy,435,140,70,45,85,50,45
41,Zubat,Poison,Flying,245,40,45,35,30,40,55
42,Golbat,Poison,Flying,455,75,80,70,65,75,90
43,Oddish,Grass,Poison,320,45,50,55,75,65,30
44,Gloom,Grass,Poison,395,60,65,70,85,75,40
45,Vileplume,Grass,Poison,490,75,80,85,110,90,50
46,Paras,Bug,Grass,285,35,70,55,45,55,25
47,Parasect,Bug,Grass,405,60,95,80,60,80,30
48,Venonat,Bug,Poison,305,60,55,50,40,55,45
49,Venomoth,Bug,Poison,450,70,65,60,90,75,90
62,Poliwrath,Water,Fighting,510,90,95,95,70,90,70
69,Bellsprout,Grass,Poison,300,50,75,35,70,30,40
70,Weepinbell,Grass,Poison,390,65,90,50,85,45,55
71,Victreebel,Grass,Poison,490,80,105,65,100,70,70
72,Tentacool,Water,Poison,335,40,40,35,50,100,70
73,Tentacruel,Water,Poison,515,80,70,65,80,120,100
74,Geodude,Rock,Ground,300,40,80,100,30,30,20
75,Graveler,Rock,Ground,390,55,95,115,45,45,35
76,Golem,Rock,Ground,495,80,120,130,55,65,45
79,Slowpoke,Water,Psychic,315,90,65,65,40,40,15
80,Slowbro,Water,Psychic,490,95,75,110,100,80,30
81,Magnemite,Electric,Steel,325,25,35,70,95,55,45
82,Magneton,Electric,Steel,465,50,60,95,120,70,70
83,Farfetch'd,Normal,Flying,377,52,90,55,58,62,60
84,Doduo,Normal,Flying,310,35,85,45,35,35,75
85,Dodrio,Normal,Flying,470,60,110,70,60,60,110
87,Dewgong,Water,Ice,475,90,70,80,70,95,70
91,Cloyster,Water,Ice,525,50,95,180,85,45,70
92,Gastly,Ghost,Poison,310,30,35,30,100,35,80
93,Haunter,Ghost,Poison,405,45,50,45,115,55,95
94,Gengar,Ghost,Poison,500,60,65,60,130,75,110
95,Onix,Rock,Ground,385,35,45,160,30,45,70
102,Exeggcute,Grass,Psychic,325,60,40,80,60,45,40
103,Exeggutor,Grass,Psychic,530,95,95,85,125,75,55
111,Rhyhorn,Ground,Rock,345,80,85,95,30,30,25
112,Rhydon,Ground,Rock,485,105,130,120,45,45,40
121,Starmie,Water,Psychic,520,60,75,85,100,85,115
122,Mr. Mime,Psychic,Fairy,460,40,45,65,100,120,90
123,Scyther,Bug,Flying,500,70,110,80,55,80,105
124,Jynx,Ice,Psychic,455,65,50,35,115,95,95
130,Gyarados,Water,Flying,540,95,125,79,60,100,81
131,Lapras,Water,Ice,535,130,85,80,85,95,60
138,Omanyte,Rock,Water,355,35,40,100,90,55,35
139,Omastar,Rock,Water,495,70,60,125,115,70,55
140,Kabuto,Rock,Water,355,30,80,90,55,45,55
141,Kabutops,Rock,Water,495,60,115,105,65,70,80
142,Aerodactyl,Rock,Flying,515,80,105,65,60,75,130
144,Articuno,Ice,Flying,580,90,85,100,95,125,85
145,Zapdos,Electric,Flying,580,90,90,85,125,90,100
146,Moltres,Fire,Flying,580,90,100,90,125,85,90
149,Dragonite,Dragon,Flying,600,91,134,95,100,100,80
163,Hoothoot,Normal,Flying,262,60,30,30,36,56,50
164,Noctowl,Normal,Flying,452,100,50,50,86,96,70
165,Ledyba,Bug,Flying,265,40,20,30,40,80,55
166,Ledian,Bug,Flying,390,55,35,50,55,110,85
167,Spinarak,Bug,Poison,250,40,60,40,40,40,30
168,Ariados,Bug,Poison,400,70,90,70,60,70,40
169,Crobat,Poison,Flying,535,85,90,80,70,80,130
170,Chinchou,Water,Electric,330,75,38,38,56,56,67
171,Lanturn,Water,Electric,460,125,58,58,76,76,67
174,Igglybuff,Normal,Fairy,210,90,30,15,40,20,15
176,Togetic,Fairy,Flying,405,55,40,85,80,105,40
177,Natu,Psychic,Flying,320,40,50,45,70,45,70
178,Xatu,Psychic,Flying,470,65,75,70,95,70,95
183,Marill,Water,Fairy,250,70,20,50,20,50,40
184,Azumarill,Water,Fairy,420,100,50,80,60,80,50
187,Hoppip,Grass,Flying,250,35,35,40,35,55,50
188,Skiploom,Grass,Flying,340,55,45,50,45,65,80
189,Jumpluff,Grass,Flying,460,75,55,70,55,95,110
193,Yanma,Bug,Flying,390,65,65,45,75,45,95
194,Wooper,Water,Ground,210,55,45,45,25,25,15
195,Quagsire,Water,Ground,430,95,85,85,65,65,35
198,Murkrow,Dark,Flying,405,60,85,42,85,42,91
199,Slowking,Water,Psychic,490,95,75,80,100,110,30
203,Girafarig,Normal,Psychic,455,70,80,65,90,65,85
205,Forretress,Bug,Steel,465,75,90,140,60,60,40
207,Gligar,Ground,Flying,430,65,75,105,35,65,85
208,Steelix,Steel,Ground,510,75,85,200,55,65,30
211,Qwilfish,Water,Poison,440,65,95,85,55,55,85
212,Scizor,Bug,Steel,500,70,130,100,55,80,65
213,Shuckle,Bug,Rock,505,20,10,230,10,230,5
214,Heracross,Bug,Fighting,500,80,125,75,40,95,85
215,Sneasel,Dark,Ice,430,55,95,55,35,75,115
219,Magcargo,Fire,Rock,430,60,50,120,90,80,30
220,Swinub,Ice,Ground,250,50,50,40,30,30,50
221,Piloswine,Ice,Ground,450,100,100,80,60,60,50
222,Corsola,Water,Rock,410,65,55,95,65,95,35
225,Delibird,Ice,Flying,330,45,55,45,65,45,75
226,Mantine,Water,Flying,485,85,40,70,80,140,70
227,Skarmory,Steel,Flying,465,65,80,140,40,70,70
228,Houndour,Dark,Fire,330,45,60,30,80,50,65
229,Houndoom,Dark,Fire,500,75,90,50,110,80,95
230,Kingdra,Water,Dragon,540,75,95,95,95,95,85
238,Smoochum,Ice,Psychic,305,45,30,15,85,65,65
246,Larvitar,Rock,Ground,300,50,64,50,45,50,41
247,Pupitar,Rock,Ground,410,70,84,70,65,70,51
248,Tyranitar,Rock,Dark,600,100,134,110,95,100,61
249,Lugia,Psychic,Flying,680,106,90,130,90,154,110
250,Ho-oh,Fire,Flying,680,106,130,90,110,154,90
251,Celebi,Psychic,Grass,600,100,100,100,100,100,100
256,Combusken,Fire,Fighting,405,60,85,60,85,60,55
257,Blaziken,Fire,Fighting,530,80,120,70,110,70,80
259,Marshtomp,Water,Ground,405,70,85,70,60,70,50
260,Swampert,Water,Ground,535,100,110,90,85,90,60
267,Beautifly,Bug,Flying,395,60,70,50,100,50,65
269,Dustox,Bug,Poison,385,60,50,70,50,90,65
270,Lotad,Water,Grass,220,40,30,30,40,50,30
271,Lombre,Water,Grass,340,60,50,50,60,70,50
272,Ludicolo,Water,Grass,480,80,70,70,90,100,70
274,Nuzleaf,Grass,Dark,340,70,70,40,60,40,60
275,Shiftry,Grass,Dark,480,90,100,60,90,60,80
276,Taillow,Normal,Flying,270,40,55,30,30,30,85
277,Swellow,Normal,Flying,455,60,85,60,75,50,125
278,Wingull,Water,Flying,270,40,30,30,55,30,85
279,Pelipper,Water,Flying,440,60,50,100,95,70,65
280,Ralts,Psychic,Fairy,198,28,25,25,45,35,40
281,Kirlia,Psychic,Fairy,278,38,35,35,65,55,50
282,Gardevoir,Psychic,Fairy,518,68,65,65,125,115,80
283,Surskit,Bug,Water,269,40,30,32,50,52,65
284,Masquerain,Bug,Flying,454,70,60,62,100,82,80
286,Breloom,Grass,Fighting,460,60,130,80,60,60,70
290,Nincada,Bug,Ground,266,31,45,90,30,30,40
291,Ninjask,Bug,Flying,456,61,90,45,50,50,160
292,Shedinja,Bug,Ghost,236,1,90,45,30,30,40
298,Azurill,Normal,Fairy,190,50,20,40,20,40,20
302,Sableye,Dark,Ghost,380,50,75,75,65,65,50
303,Mawile,Steel,Fairy,380,50,85,85,55,55,50
304,Aron,Steel,Rock,330,50,70,100,40,40,30
305,Lairon,Steel,Rock,430,60,90,140,50,50,40
306,Aggron,Steel,Rock,530,70,110,180,60,60,50
307,Meditite,Fighting,Psychic,280,30,40,55,40,55,60
308,Medicham,Fighting,Psychic,410,60,60,75,60,75,80
315,Roselia,Grass,Poison,400,50,60,45,100,80,65
318,Carvanha,Water,Dark,305,45,90,20,65,20,65
319,Sharpedo,Water,Dark,460,70,120,40,95,40,95
322,Numel,Fire,Ground,305,60,60,40,65,45,35
323,Camerupt,Fire,Ground,460,70,100,70,105,75,40
329,Vibrava,Ground,Dragon,340,50,70,50,50,50,70
330,Flygon,Ground,Dragon,520,80,100,80,80,80,100
332,Cacturne,Grass,Dark,475,70,115,60,115,60,55
333,Swablu,Normal,Flying,310,45,40,60,40,75,50
334,Altaria,Dragon,Flying,490,75,70,90,70,105,80
337,Lunatone,Rock,Psychic,460,90,55,65,95,85,70
338,Solrock,Rock,Psychic,460,90,95,85,55,65,70
339,Barboach,Water,Ground,288,50,48,43,46,41,60
340,Whiscash,Water,Ground,468,110,78,73,76,71,60
342,Crawdaunt,Water,Dark,468,63,120,85,90,55,55
343,Baltoy,Ground,Psychic,300,40,40,55,40,70,55
344,Claydol,Ground,Psychic,500,60,70,105,70,120,75
345,Lileep,Rock,Grass,355,66,41,77,61,87,23
346,Cradily,Rock,Grass,495,86,81,97,81,107,43
347,Anorith,Rock,Bug,355,45,95,50,40,50,75
348,Armaldo,Rock,Bug,495,75,125,100,70,80,45
357,Tropius,Grass,Flying,460,99,68,83,72,87,51
363,Spheal,Ice,Water,290,70,40,50,55,50,25
364,Sealeo,Ice,Water,410,90,60,70,75,70,45
365,Walrein,Ice,Water,530,110,80,90,95,90,65
369,Relicanth,Water,Rock,485,100,90,130,45,65,55
373,Salamence,Dragon,Flying,600,95,135,80,110,80,100
374,Beldum,Steel,Psychic,300,40,55,80,35,60,30
375,Metang,Steel,Psychic,420,60,75,100,55,80,50
376,Metagross,Steel,Psychic,600,80,135,130,95,90,70
380,Latias,Dragon,Psychic,600,80,80,90,110,130,110
381,Latios,Dragon,Psychic,600,80,90,80,130,110,110
384,Rayquaza,Dragon,Flying,680,105,150,90,150,90,95
385,Jirachi,Steel,Psychic,600,100,100,100,100,100,100
389,Torterra,Grass,Ground,525,95,109,105,75,85,56
391,Monferno,Fire,Fighting,405,64,78,52,78,52,81
392,Infernape,Fire,Fighting,534,76,104,71,104,71,108
395,Empoleon,Water,Steel,530,84,86,88,111,101,60
396,Starly,Normal,Flying,245,40,55,30,30,30,60
397,Staravia,Normal,Flying,340,55,75,50,40,40,80
398,Staraptor,Normal,Flying,485,85,120,70,50,60,100
400,Bibarel,Normal,Water,410,79,85,60,55,60,71
406,Budew,Grass,Poison,280,40,30,35,50,70,55
407,Roserade,Grass,Poison,515,60,70,65,125,105,90
410,Shieldon,Rock,Steel,350,30,42,118,42,88,30
411,Bastiodon,Rock,Steel,495,60,52,168,47,138,30
413,Wormadam Plant Cloak,Bug,Grass,424,60,59,85,79,105,36
414,Mothim,Bug,Flying,424,70,94,50,94,50,66
415,Combee,Bug,Flying,244,30,30,42,30,42,70
416,Vespiquen,Bug,Flying,474,70,80,102,80,102,40
423,Gastrodon,Water,Ground,475,111,83,68,92,82,39
425,Drifloon,Ghost,Flying,348,90,50,34,60,44,70
426,Drifblim,Ghost,Flying,498,150,80,44,90,54,80
430,Honchkrow,Dark,Flying,505,100,125,52,105,52,71
434,Stunky,Poison,Dark,329,63,63,47,41,41,74
435,Skuntank,Poison,Dark,479,103,93,67,71,61,84
436,Bronzor,Steel,Psychic,300,57,24,86,24,86,23
437,Bronzong,Steel,Psychic,500,67,89,116,79,116,33
439,Mime Jr.,Psychic,Fairy,310,20,25,45,70,90,60
441,Chatot,Normal,Flying,411,76,65,45,92,42,91
442,Spiritomb,Ghost,Dark,485,50,92,108,92,108,35
443,Gible,Dragon,Ground,300,58,70,45,40,45,42
444,Gabite,Dragon,Ground,410,68,90,65,50,55,82
445,Garchomp,Dragon,Ground,600,108,130,95,80,85,102
448,Lucario,Fighting,Steel,525,70,110,70,115,70,90
451,Skorupi,Poison,Bug,330,40,50,90,30,55,65
452,Drapion,Poison,Dark,500,70,90,110,60,75,95
453,Croagunk,Poison,Fighting,300,48,61,40,61,40,50
454,Toxicroak,Poison,Fighting,490,83,106,65,86,65,85
458,Mantyke,Water,Flying,345,45,20,50,60,120,50
459,Snover,Grass,Ice,334,60,62,50,62,60,40
460,Abomasnow,Grass,Ice,494,90,92,75,92,85,60
461,Weavile,Dark,Ice,510,70,120,65,45,85,125
462,Magnezone,Electric,Steel,535,70,70,115,130,90,60
464,Rhyperior,Ground,Rock,535,115,140,130,55,55,40
468,Togekiss,Fairy,Flying,545,85,50,95,120,115,80
469,Yanmega,Bug,Flying,515,86,76,86,116,56,95
472,Gliscor,Ground,Flying,510,75,95,125,45,75,95
473,Mamoswine,Ice,Ground,530,110,130,80,70,60,80
475,Gallade,Psychic,Fighting,518,68,125,65,65,115,80
476,Probopass,Rock,Steel,525,60,55,145,75,150,40
478,Froslass,Ice,Ghost,480,70,80,70,80,70,110
479,Rotom,Electric,Ghost,440,50,50,77,95,77,91
483,Dialga,Steel,Dragon,680,100,120,120,150,100,90
484,Palkia,Water,Dragon,680,90,120,100,150,120,100
485,Heatran,Fire,Steel,600,91,90,106,130,106,77
487,Giratina Altered Forme,Ghost,Dragon,680,150,100,120,100,120,90
494,Victini,Psychic,Fire,600,100,100,100,100,100,100
499,Pignite,Fire,Fighting,418,90,93,55,70,55,55
500,Emboar,Fire,Fighting,528,110,123,65,100,65,65
519,Pidove,Normal,Flying,264,50,55,50,36,30,43
520,Tranquill,Normal,Flying,358,62,77,62,50,42,65
521,Unfezant,Normal,Flying,488,80,115,80,65,55,93
527,Woobat,Psychic,Flying,323,65,45,43,55,43,72
528,Swoobat,Psychic,Flying,425,67,57,55,77,55,114
530,Excadrill,Ground,Steel,508,110,135,60,50,65,88
536,Palpitoad,Water,Ground,384,75,65,55,65,55,69
537,Seismitoad,Water,Ground,509,105,95,75,85,75,74
540,Sewaddle,Bug,Grass,310,45,53,70,40,60,42
541,Swadloon,Bug,Grass,380,55,63,90,50,80,42
542,Leavanny,Bug,Grass,500,75,103,80,70,80,92
543,Venipede,Bug,Poison,260,30,45,59,30,39,57
544,Whirlipede,Bug,Poison,360,40,55,99,40,79,47
545,Scolipede,Bug,Poison,485,60,100,89,55,69,112
546,Cottonee,Grass,Fairy,280,40,27,60,37,50,66
547,Whimsicott,Grass,Fairy,480,60,67,85,77,75,116
551,Sandile,Ground,Dark,292,50,72,35,35,35,65
552,Krokorok,Ground,Dark,351,60,82,45,45,45,74
553,Krookodile,Ground,Dark,519,95,117,80,65,70,92
557,Dwebble,Bug,Rock,325,50,65,85,35,35,55
558,Crustle,Bug,Rock,485,70,105,125,65,75,45
559,Scraggy,Dark,Fighting,348,50,75,70,35,70,48
560,Scrafty,Dark,Fighting,488,65,90,115,45,115,58
561,Sigilyph,Psychic,Flying,490,72,58,80,103,80,97
564,Tirtouga,Water,Rock,355,54,78,103,53,45,22
565,Carracosta,Water,Rock,495,74,108,133,83,65,32
566,Archen,Rock,Flying,401,55,112,45,74,45,70
567,Archeops,Rock,Flying,567,75,140,65,112,65,110
580,Ducklett,Water,Flying,305,62,44,50,44,50,55
581,Swanna,Water,Flying,473,75,87,63,87,63,98
585,Deerling,Normal,Grass,335,60,60,50,40,50,75
586,Sawsbuck,Normal,Grass,475,80,100,70,60,70,95
587,Emolga,Electric,Flying,428,55,75,60,75,60,103
589,Escavalier,Bug,Steel,495,70,135,105,60,105,20
590,Foongus,Grass,Poison,294,69,55,45,55,55,15
591,Amoonguss,Grass,Poison,464,114,85,70,85,80,30
592,Frillish,Water,Ghost,335,55,40,50,65,85,40
593,Jellicent,Water,Ghost,480,100,60,70,85,105,60
595,Joltik,Bug,Electric,319,50,47,50,57,50,65
596,Galvantula,Bug,Electric,472,70,77,60,97,60,108
597,Ferroseed,Grass,Steel,305,44,50,91,24,86,10
598,Ferrothorn,Grass,Steel,489,74,94,131,54,116,20
607,Litwick,Ghost,Fire,275,50,30,55,65,55,20
608,Lampent,Ghost,Fire,370,60,40,60,95,60,55
609,Chandelure,Ghost,Fire,520,60,55,90,145,90,80
618,Stunfisk,Ground,Electric,471,109,66,84,81,99,32
622,Golett,Ground,Ghost,303,59,74,50,35,50,35
623,Golurk,Ground,Ghost,483,89,124,80,55,80,55
624,Pawniard,Dark,Steel,340,45,85,70,40,40,60
625,Bisharp,Dark,Steel,490,65,125,100,60,70,70
627,Rufflet,Normal,Flying,350,70,83,50,37,50,60
628,Braviary,Normal,Flying,510,100,123,75,57,75,80
629,Vullaby,Dark,Flying,370,70,55,75,45,65,60
630,Mandibuzz,Dark,Flying,510,110,65,105,55,95,80
632,Durant,Bug,Steel,484,58,109,112,48,48,109
633,Deino,Dark,Dragon,300,52,65,50,45,50,38
634,Zweilous,Dark,Dragon,420,72,85,70,65,70,58
635,Hydreigon,Dark,Dragon,600,92,105,90,125,90,98
636,Larvesta,Bug,Fire,360,55,85,55,50,55,60
637,Volcarona,Bug,Fire,550,85,60,65,135,105,100
638,Cobalion,Steel,Fighting,580,91,90,129,90,72,108
639,Terrakion,Rock,Fighting,580,91,129,90,72,90,108
640,Virizion,Grass,Fighting,580,91,90,72,90,129,108
642,Thundurus Incarnate Forme,Electric,Flying,580,79,115,70,125,80,111
643,Reshiram,Dragon,Fire,680,100,120,100,150,120,90
644,Zekrom,Dragon,Electric,680,100,150,120,120,100,90
645,Landorus Incarnate Forme,Ground,Flying,600,89,125,90,115,80,101
646,Kyurem,Dragon,Ice,660,125,130,90,130,90,95
647,Keldeo Ordinary Form,Water,Fighting,580,91,72,90,129,90,108
648,Meloetta Aria Forme,Normal,Psychic,600,100,77,77,128,128,90
649,Genesect,Bug,Steel,600,71,120,95,120,95,99
652,Chesnaught,Grass,Fighting,530,88,107,122,74,75,64
655,Delphox,Fire,Psychic,534,75,69,72,114,100,104
658,Greninja,Water,Dark,530,72,95,67,103,71,122
660,Diggersby,Normal,Ground,423,85,56,77,50,77,78
661,Fletchling,Normal,Flying,278,45,50,43,40,38,62
662,Fletchinder,Fire,Flying,382,62,73,55,56,52,84
663,Talonflame,Fire,Flying,499,78,81,71,74,69,126
666,Vivillon,Bug,Flying,411,80,52,50,90,50,89
667,Litleo,Fire,Normal,369,62,50,58,73,54,72
668,Pyroar,Fire,Normal,507,86,68,72,109,66,106
675,Pangoro,Fighting,Dark,495,95,124,78,69,71,58
679,Honedge,Steel,Ghost,325,45,80,100,35,37,28
680,Doublade,Steel,Ghost,448,59,110,150,45,49,35
681,Aegislash Shield Forme,Steel,Ghost,500,60,50,140,50,140,60
686,Inkay,Dark,Psychic,288,53,54,53,37,46,45
687,Malamar,Dark,Psychic,482,86,92,88,68,75,73
688,Binacle,Rock,Water,306,42,52,67,39,56,50
689,Barbaracle,Rock,Water,500,72,105,115,54,86,68
690,Skrelp,Poison,Water,320,50,60,60,60,60,30
691,Dragalge,Poison,Dragon,494,65,75,90,97,123,44
694,Helioptile,Electric,Normal,289,44,38,33,61,43,70
695,Heliolisk,Electric,Normal,481,62,55,52,109,94,109
696,Tyrunt,Rock,Dragon,362,58,89,77,45,45,48
697,Tyrantrum,Rock,Dragon,521,82,121,119,69,59,71
698,Amaura,Rock,Ice,362,77,59,50,67,63,46
699,Aurorus,Rock,Ice,521,123,77,72,99,92,58
701,Hawlucha,Fighting,Flying,500,78,92,75,74,63,118
702,Dedenne,Electric,Fairy,431,67,58,57,81,67,101
703,Carbink,Rock,Fairy,500,50,50,150,50,150,50
707,Klefki,Steel,Fairy,470,57,80,91,80,87,75
708,Phantump,Ghost,Grass,309,43,70,48,50,60,38
709,Trevenant,Ghost,Grass,474,85,110,76,65,82,56
710,Pumpkaboo Average Size,Ghost,Grass,335,49,66,70,44,55,51
711,Gourgeist Average Size,Ghost,Grass,494,65,90,122,58,75,84
714,Noibat,Flying,Dragon,245,40,30,35,45,40,55
715,Noivern,Flying,Dragon,535,85,70,80,97,80,123
717,Yveltal,Dark,Flying,680,126,131,95,131,98,99
718,Zygarde 50% Forme,Dragon,Ground,600,108,100,121,81,95,95
719,Diancie,Rock,Fairy,600,50,100,150,100,150,50
720,Hoopa Hoopa Confined,Psychic,Ghost,600,80,110,60,150,130,70
721,Volcanion,Fire,Water,600,80,110,120,130,90,70
722,Rowlet,Grass,Flying,320,68,55,55,50,50,42
723,Dartrix,Grass,Flying,420,78,75,75,70,70,52
724,Decidueye,Grass,Ghost,530,78,107,75,100,100,70
727,Incineroar,Fire,Dark,530,95,115,90,80,90,60
730,Primarina,Water,Fairy,530,80,74,74,126,116,60
731,Pikipek,Normal,Flying,265,35,75,30,30,30,65
732,Trumbeak,Normal,Flying,355,55,85,50,40,50,75
733,Toucannon,Normal,Flying,485,80,120,75,75,75,60
737,Charjabug,Bug,Electric,400,57,82,95,55,75,36
738,Vikavolt,Bug,Electric,500,77,70,90,145,75,43
740,Crabominable,Fighting,Ice,478,97,132,77,62,67,43
741,Oricorio Baile Style,Fire,Flying,476,75,70,70,98,70,93
742,Cutiefly,Bug,Fairy,304,40,45,40,55,40,84
743,Ribombee,Bug,Fairy,464,60,55,60,95,70,124
747,Mareanie,Poison,Water,305,50,53,62,43,52,45
748,Toxapex,Poison,Water,495,50,63,152,53,142,35
751,Dewpider,Water,Bug,269,38,40,52,40,72,27
752,Araquanid,Water,Bug,454,68,70,92,50,132,42
755,Morelull,Grass,Fairy,285,40,35,55,65,75,15
756,Shiinotic,Grass,Fairy,405,60,45,80,90,100,30
757,Salandit,Poison,Fire,320,48,44,40,71,40,77
758,Salazzle,Poison,Fire,480,68,64,60,111,60,117
759,Stufful,Normal,Fighting,340,70,75,50,45,50,50
760,Bewear,Normal,Fighting,500,120,125,80,55,60,60
765,Oranguru,Normal,Psychic,490,90,60,80,90,110,60
767,Wimpod,Bug,Water,230,25,35,40,20,30,80
768,Golisopod,Bug,Water,530,75,125,140,60,90,40
769,Sandygast,Ghost,Ground,320,55,55,80,70,45,15
770,Palossand,Ghost,Ground,480,85,75,110,100,75,35
774,Minior Meteor Form,Rock,Flying,440,60,60,100,60,100,60
776,Turtonator,Fire,Dragon,485,60,78,135,91,85,36
777,Togedemaru,Electric,Steel,435,65,98,63,40,73,96
778,Mimikyu,Ghost,Fairy,476,55,90,80,50,105,96
779,Bruxish,Water,Psychic,475,68,105,70,70,70,92
780,Drampa,Normal,Dragon,485,78,60,85,135,91,36
781,Dhelmise,Ghost,Grass,517,70,131,100,86,90,40
783,Hakamo-o,Dragon,Fighting,420,55,75,90,65,70,65
784,Kommo-o,Dragon,Fighting,600,75,110,125,100,105,85
785,Tapu Koko,Electric,Fairy,570,70,115,85,95,75,130
786,Tapu Lele,Psychic,Fairy,570,70,85,75,130,115,95
787,Tapu Bulu,Grass,Fairy,570,70,130,115,85,95,75
788,Tapu Fini,Water,Fairy,570,70,75,115,95,130,85
791,Solgaleo,Psychic,Steel,680,137,137,107,113,89,97
792,Lunala,Psychic,Ghost,680,137,113,89,137,107,97
793,Nihilego,Rock,Poison,570,109,53,47,127,131,103
794,Buzzwole,Bug,Fighting,570,107,139,139,53,53,79
795,Pheromosa,Bug,Fighting,570,71,137,37,137,37,151
797,Celesteela,Steel,Flying,570,97,101,103,107,101,61
798,Kartana,Grass,Steel,570,59,181,131,59,31,109
799,Guzzlord,Dark,Dragon,570,223,101,53,97,53,43
801,Magearna,Steel,Fairy,600,80,95,115,130,115,65
802,Marshadow,Fighting,Ghost,600,90,125,80,90,90,125
804,Naganadel,Poison,Dragon,540,73,73,73,127,73,121
805,Stakataka,Rock,Steel,570,61,131,211,53,101,13
806,Blacephalon,Fire,Ghost,570,53,127,53,151,79,107
823,Corviknight,Flying,Steel,495,98,87,105,53,85,67
825,Dottler,Bug,Psychic,335,50,35,80,50,90,30
826,Orbeetle,Bug,Psychic,505,60,45,110,80,120,90
834,Drednaw,Water,Rock,485,90,115,90,48,68,74
838,Carkol,Rock,Fire,410,80,60,90,60,70,50
839,Coalossal,Rock,Fire,510,110,80,120,80,90,30
840,Applin,Grass,Dragon,260,40,40,80,40,40,20
841,Flapple,Grass,Dragon,485,70,110,80,95,60,70
842,Appletun,Grass,Dragon,485,110,85,80,100,80,30
845,Cramorant,Flying,Water,475,70,85,55,85,95,85
848,Toxel,Electric,Poison,242,40,38,35,54,35,40
849,Toxtricity Amped Form,Electric,Poison,502,75,98,70,114,70,75
850,Sizzlipede,Fire,Bug,305,50,65,45,50,50,45
851,Centiskorch,Fire,Bug,525,100,115,65,90,90,65
858,Hatterene,Psychic,Fairy,510,57,90,95,136,103,29
859,Impidimp,Dark,Fairy,265,45,45,30,55,40,50
860,Morgrem,Dark,Fairy,370,65,60,45,75,55,70
861,Grimmsnarl,Dark,Fairy,510,95,120,65,95,75,60
862,Obstagoon,Dark,Normal,520,93,90,101,60,81,95
866,Mr. Rime,Ice,Psychic,520,80,85,75,110,100,70
867,Runerigus,Ground,Ghost,483,58,95,145,50,105,30
872,Snom,Ice,Bug,185,30,25,35,45,30,20
873,Frosmoth,Ice,Bug,475,70,65,60,125,90,65
876,Indeedee Male,Psychic,Normal,475,60,65,55,105,95,95
877,Morpeko Full Belly Mode,Electric,Dark,436,58,95,58,70,58,97
880,Dracozolt,Electric,Dragon,505,90,100,90,80,70,75
881,Arctozolt,Electric,Ice,505,90,100,90,90,80,55
882,Dracovish,Water,Dragon,505,90,90,100,70,80,75
883,Arctovish,Water,Ice,505,90,90,100,80,90,55
884,Duraludon,Steel,Dragon,535,70,95,115,120,50,85
885,Dreepy,Dragon,Ghost,270,28,60,30,40,30,82
886,Drakloak,Dragon,Ghost,410,68,80,50,60,50,102
887,Dragapult,Dragon,Ghost,600,88,120,75,100,75,142
890,Eternatus,Poison,Dragon,690,140,85,95,145,95,130
892,Urshifu Single Strike Style,Fighting,Dark,550,100,130,100,63,60,97
893,Zarude,Dark,Grass,600,105,120,105,70,95,105
898,Calyrex,Psychic,Grass,500,100,80,80,80,80,80
899,Wyrdeer,Normal,Psychic,525,103,105,72,105,75,65
900,Kleavor,Bug,Rock,500,70,135,95,45,70,85
901,Ursaluna,Ground,Normal,550,130,140,105,45,80,50
902,Basculegion Male,Water,Ghost,530,120,112,65,80,75,78
903,Sneasler,Fighting,Poison,510,80,130,60,40,80,120
904,Overqwil,Dark,Poison,510,85,115,95,65,65,85
905,Enamorus Incarnate Forme,Fairy,Flying,580,74,115,70,135,80,106
908,Meowscarada,Grass,Dark,530,76,110,70,81,70,123
911,Skeledirge,Fire,Ghost,530,104,75,100,110,75,66
914,Quaquaval,Water,Fighting,530,85,120,80,85,75,85
920,Lokix,Bug,Dark,450,71,102,78,52,55,92
922,Pawmo,Electric,Fighting,350,60,75,40,50,40,85
923,Pawmot,Electric,Fighting,490,70,115,70,70,60,105
928,Smoliv,Grass,Normal,260,41,35,45,58,51,30
929,Dolliv,Grass,Normal,354,52,53,60,78,78,33
930,Arboliva,Grass,Normal,510,78,69,90,125,109,39
931,Squawkabilly Green Plumage,Normal,Flying,417,82,96,51,45,51,92
936,Armarouge,Fire,Psychic,525,85,60,100,125,80,75
937,Ceruledge,Fire,Ghost,525,75,125,80,60,100,85
940,Wattrel,Electric,Flying,280,40,40,35,55,40,70
941,Kilowattrel,Electric,Flying,490,70,70,60,105,60,125
944,Shroodle,Poison,Normal,290,40,65,35,40,35,75
945,Grafaiai,Poison,Normal,485,63,95,65,80,72,110
946,Bramblin,Grass,Ghost,275,40,65,30,45,35,60
947,Brambleghast,Grass,Ghost,480,55,115,70,80,70,90
948,Toedscool,Ground,Grass,335,40,40,35,50,100,70
949,Toedscruel,Ground,Grass,515,80,70,65,80,120,100
952,Scovillain,Grass,Fire,486,65,108,65,108,65,75
954,Rabsca,Bug,Psychic,470,75,50,85,115,100,45
957,Tinkatink,Fairy,Steel,297,50,45,45,35,64,58
958,Tinkatuff,Fairy,Steel,380,65,55,55,45,82,78
959,Tinkaton,Fairy,Steel,506,85,75,77,70,105,94
962,Bombirdier,Flying,Dark,485,70,103,85,60,85,82
965,Varoom,Steel,Poison,300,45,70,63,30,45,47
966,Revavroom,Steel,Poison,500,80,119,90,54,67,90
967,Cyclizar,Dragon,Normal,501,70,95,65,85,65,121
969,Glimmet,Rock,Poison,350,48,35,42,105,60,60
970,Glimmora,Rock,Poison,525,83,55,90,130,81,86
973,Flamigo,Flying,Fighting,500,82,115,74,75,64,90
976,Veluza,Water,Psychic,478,90,102,73,78,65,70
978,Tatsugiri Curly Form,Dragon,Water,475,68,50,60,120,95,82
979,Annihilape,Fighting,Ghost,535,110,115,80,50,90,90
980,Clodsire,Poison,Ground,430,130,75,60,45,100,20
981,Farigiraf,Normal,Psychic,520,120,90,70,110,70,60
983,Kingambit,Dark,Steel,550,100,135,120,60,85,50
984,Great Tusk,Ground,Fighting,570,115,131,131,53,53,87
985,Scream Tail,Fairy,Psychic,570,115,65,99,65,115,111
986,Brute Bonnet,Grass,Dark,570,111,127,99,79,99,55
987,Flutter Mane,Ghost,Fairy,570,55,55,55,135,135,135
988,Slither Wing,Bug,Fighting,570,85,135,79,85,105,81
989,Sandy Shocks,Electric,Ground,570,85,81,97,121,85,101
990,Iron Treads,Ground,Steel,570,90,112,120,72,70,106
991,Iron Bundle,Ice,Water,570,56,80,114,124,60,136
992,Iron Hands,Fighting,Electric,570,154,140,108,50,68,50
993,Iron Jugulis,Dark,Flying,570,94,80,86,122,80,108
994,Iron Moth,Fire,Poison,570,80,70,60,140,110,110
995,Iron Thorns,Rock,Electric,570,100,134,110,70,84,72
996,Frigibax,Dragon,Ice,320,65,75,45,35,45,55
997,Arctibax,Dragon,Ice,423,90,95,66,45,65,62
998,Baxcalibur,Dragon,Ice,600,115,145,92,75,86,87
1000,Gholdengo,Steel,Ghost,550,87,60,95,133,91,84
1001,Wo-Chien,Dark,Grass,570,85,85,100,95,135,70
1002,Chien-Pao,Dark,Ice,570,80,120,80,90,65,135
1003,Ting-Lu,Dark,Ground,570,155,110,125,55,80,45
1004,Chi-Yu,Dark,Fire,570,55,80,80,135,120,100
1005,Roaring Moon,Dragon,Dark,590,105,139,71,55,101,119
1006,Iron Valiant,Fairy,Fighting,590,74,130,90,120,60,116
1007,Koraidon,Fighting,Dragon,670,100,135,115,85,100,135
1008,Miraidon,Electric,Dragon,670,100,85,100,135,115,135
1009,Walking Wake,Water,Dragon,590,99,83,91,125,83,109
1010,Iron Leaves,Grass,Psychic,590,90,130,88,70,108,104
